Accession,Title,Reference_Decision,Rule_Decision,Rule_Reason,AI_Decision,AI_Confidence,AI_Primary_Subject,AI_Reason,AI_Evidence,AI_Repeat_Decisions,Hybrid_Decision
GSE303402,Human induced pluripotent stem cell-derived skin organoids recapitulate donor-specific pigmentation diversity,include,include,摘要明确说明毛囊/脱发相关组学对象，且未被无关实验设计否定,include,0.95,Hair follicle pigmentation in skin organoids,"The study directly assays hair follicle pigmentation using single-cell RNA-seq in skin organoids, making hair follicle biology a primary subject.","Title mentions skin organoids recapitulate pigmentation diversity, which includes hair follicles. || Summary states skin organoids contain hair follicles and pigmentation, and the study examines pigmentation differences in both skin and hair follicles. || Single-cell RNA-seq is performed on organoids that include hair follicles, and the analysis aims to uncover gene expression profiles associated with pigmentation differences, which directly involves hair follicle biology.",include || include,include
GSE310777,ALKBH5 acts as an intrinsic facilitator for hair follicle telogen-to-anagen transition,include,include,实验设计明确包含毛囊、头皮、毛周期或相关细胞/样本,include,0.98,Hair follicle stem cell regulation during telogen-to-anagen transition,"The study directly assays hair follicle stem cells to investigate hair cycle transition, a core hair biology topic.",Title explicitly states role in hair follicle telogen-to-anagen transition || Summary focuses on hair follicle stem cells (HFSCs) and hair cycle regulation || Samples are bulge hair follicle stem cells and hair germ stem cells from mice || Study investigates intrinsic mechanisms of HFSC activation and proliferation,include || include,include
GSE280028,Developing a differentiation-inducing therapeutic strategy for sarcomatoid renal cell carcinoma,exclude,exclude,毛发/脱发仅作为药物适应证、不良事件、临床表现或次要结局出现,exclude,0.95,sarcomatoid renal cell carcinoma,"The study is about renal cell carcinoma; minoxidil is mentioned only as a repurposed drug for its anti-PLOD2 activity, not as a hair biology subject. No hair follicle or alopecia samples or endpoints are studied.","Title: 'Developing a differentiation-inducing therapeutic strategy for sarcomatoid renal cell carcinoma' || Summary: study focuses on sRCC, PLOD2 as target, minoxidil mentioned only as an FDA-approved drug for alopecia repurposed for sRCC || Overall_Design: RNA-seq on PLOD2-ablated 786-O renal cell carcinoma cells",exclude || exclude,exclude
GSE314972,Single-cell transcriptomic profiling of frontal fibrosing alopecia reveals preserved cellular architecture with stress-driven epithelial reprogramming and non-cytotoxic inflammation,include,include,实验设计明确包含毛囊、头皮、毛周期或相关细胞/样本,include,0.98,Frontal fibrosing alopecia (cicatricial alopecia) scalp biopsies,"The study directly investigates the cellular and molecular mechanisms of frontal fibrosing alopecia, a primary hair-loss disorder, using scalp biopsies and single-cell RNA-seq, with explicit analysis of hair follicle epithelial populations.","Title explicitly states 'Single-cell transcriptomic profiling of frontal fibrosing alopecia' || Summary describes FFA as a primary cicatricial alopecia and the study aims to define cell-type-specific transcriptional states in lesional scalp || Samples are lesional scalp biopsies from FFA patients and matched controls || Analysis focuses on hair follicle compartments (upper follicle, bulge/outer root sheath) and dermal fibroblasts, immune cells in the context of hair loss disease",include || include,include
GSE334860,Transcriptome analysis of circSmad5 knockdown in immortalized hair follicle stem cells (iHFSC2),include,include,实验设计明确包含毛囊、头皮、毛周期或相关细胞/样本,include,0.98,Hair follicle stem cells (HFSCs) and circSmad5 regulation,The study directly assays hair follicle stem cells and investigates a molecular mechanism affecting hair follicle biology and hair reconstitution.,Title: Transcriptome analysis of circSmad5 knockdown in immortalized hair follicle stem cells (iHFSC2) || Summary: Investigates role of circSmad5 in hair follicle stem cells (HFSCs) || Summary: Knockdown increased hair count in hair reconstitution model || Overall_Design: iHFSC2 cells (immortalized hair follicle stem cells) used,include || include,include
GSE303778,Roles of Msx2 in Exogen Control: Modulating the Stem Cell Niche During the Transition from Hair Shedding to Regeneration [ATAC-Seq],include,include,实验设计明确包含毛囊、头皮、毛周期或相关细胞/样本,include,0.95,Hair follicle stem cell niche and exogen phase regulation by Msx2,"The study directly assays hair follicle stem cells to understand molecular control of hair cycling and exogen, making it central to hair biology.","Title explicitly mentions exogen control, stem cell niche, hair shedding, and regeneration || Summary states the study investigates hair follicle stem cell (HFSC) lineage commitment and ECM remodeling during exogen || Overall design describes sorting HFSCs (CD34+CD49f+Sca-1-) from dorsal skin for ATAC-seq and RNA-seq || Study focuses on hair cycling, bulge architecture, and hair loss disorders",include || include,include
GSE303779,Roles of Msx2 in exogen control: Modulating stem cell niche during the transition from hair shedding to regeneration [RNA-Seq],include,include,实验设计明确包含毛囊、头皮、毛周期或相关细胞/样本,include,0.98,Msx2 regulation of hair follicle stem cell niche and exogen phase,"The study directly assays hair follicle stem cells and investigates molecular mechanisms of the hair cycle exogen phase, making it highly relevant to hair biology.","Title explicitly states study of exogen control and stem cell niche during hair shedding and regeneration || Summary focuses on hair follicle cycle, hair follicle stem cells (HFSCs), and hair loss disorders || Overall design describes sorting HFSCs (CD34+CD49f+Sca-1-) from dorsal skin for RNA-seq and ATAC-seq || Study uses Msx2-knockout mice to investigate hair anchoring, HFSC lineage commitment, and ECM remodeling",include || include,include
GSE144322,Profiling anagen skin in control and Fgf5 mutant mice,include,include,实验设计明确包含毛囊、头皮、毛周期或相关细胞/样本,include,0.95,Hair follicle anagen phase transcriptomes in Fgf5 mutant mice,"The study directly profiles anagen-phase skin to investigate hair growth cycle regulation using an Fgf5 mutant, making hair follicle biology the central subject.",Title: Profiling anagen skin in control and Fgf5 mutant mice || Summary: transcriptomes of cells from adult mouse skin in anagen phase of the hair growth cycle || Fgf5 is a known regulator of hair cycle progression,include || include,include
GSE325704,Effect of Activated Hair Follicle Stem Cells on Gene Expression During Hair Regrowth in Mice,include,include,标题以毛囊、毛发生物学或脱发为主要研究主题,include,0.95,Hair follicle stem cells and hair regrowth,"The study directly investigates hair follicle stem cells and their role in hair regrowth, with RNA-seq on treated skin to assess hair growth-associated genes.",Title: Effect of Activated Hair Follicle Stem Cells on Gene Expression During Hair Regrowth in Mice || Summary: The hair cycle... orchestrated by bulge-resident hair follicle stem cells (HFSCs)... intradermal administration of activated HFSCs accelerates hair regrowth and upregulates hair growth-associated genes in depilated mouse skin || Overall_Design: RNA sequencing was performed on treated skin samples... to assess gene expression changes,include || include,include
GSE330568,Venlafaxine reverses chemotherapy-induced alopecia through epithelial and dermal reprogramming at single-cell resolution,include,include,标题以毛囊、毛发生物学或脱发为主要研究主题,include,0.95,Chemotherapy-induced alopecia and hair follicle biology,"The study directly investigates chemotherapy-induced alopecia, a hair-loss disorder, using omics data from hair follicle cells and tissues to understand mechanisms and treatment response.","Title explicitly states 'chemotherapy-induced alopecia' and 'epithelial and dermal reprogramming' in hair follicles || Summary describes single-cell RNA-seq of hair follicle niche, including hair matrix cells, dermal fibroblasts, and epithelial-mesenchymal communication || Study uses in vivo mouse models and ex vivo human hair follicle organ culture to investigate CIA mechanisms and treatment || Overall design includes CIA model mice and treatment with venlafaxine, focusing on hair follicle preservation and hair shaft elongation",include || include,include
GSE303486,Transcriptome-guided development of a fibrosis-reversal compound reduces skin scarring and allows regeneration via mitochondrial uncoupling [DRUG-seq2],exclude,exclude,毛发/脱发仅作为药物适应证、不良事件、临床表现或次要结局出现,exclude,0.95,skin scarring and fibrosis reversal,"Hair follicle is only mentioned as a tissue spared from damage by the compound; the study's primary subject is skin scarring and fibrosis, not hair biology or alopecia.","Title focuses on fibrosis-reversal compound for skin scarring. || Summary states the study is about reducing skin scarring and fibrosis, with hair follicle damage mentioned only as an adverse effect avoided by the compound. || Overall design uses keloid fibroblasts treated with small molecules, not hair follicle cells.",exclude || exclude,exclude
GSE303487,Transcriptome-guided development of a fibrosis-reversal compound reduces skin scarring and allows regeneration via mitochondrial uncoupling [RNA-seq],exclude,exclude,毛发/脱发仅作为药物适应证、不良事件、临床表现或次要结局出现,exclude,0.95,skin scarring and fibrosis reversal,"Hair follicle is only mentioned as a tissue spared from damage by the compound; the primary subject is skin scarring and fibrosis, not hair biology or alopecia.","Title focuses on fibrosis-reversal compound for skin scarring and regeneration. || Summary states the study develops a compound to reduce skin scarring, with hair follicle damage mentioned only as an adverse effect avoided by the compound. || Overall design uses keloid fibroblasts treated with small molecules, not hair follicle cells.",exclude || exclude,exclude
GSE328626,Transcriptome Analysis of Palmitic Acid-treated Human Primary Hair Follicle Stem Cells,include,include,实验设计明确包含毛囊、头皮、毛周期或相关细胞/样本,include,0.95,Human primary hair follicle stem cells treated with palmitic acid,The study directly assays hair follicle stem cells to investigate molecular mechanisms in hair follicle biology.,"Title: Transcriptome Analysis of Palmitic Acid-treated Human Primary Hair Follicle Stem Cells || Summary: HFSCs were treated with PA or vehicle control, and transcriptome sequencing was performed to investigate the molecular alterations. || Overall_Design: untreated control hair follicle stem cells (HFSCs), and HFSCs treated with palmitic acid (PA)",include || include,include
GSE300342,H3K9me3 controls epidermis development by repressing RNA Pol II activity on key promoters and enhancers [bulk RNA-Seq],include,review,存在毛发相关描述，但缺少足够的研究对象或样本证据,include,0.9,Hair follicle formation in developing epidermis,Hair follicle formation is a central phenotype and the study directly assays developing skin cells to understand its disruption.,Summary states 'disrupted hair follicle formation' as a key phenotype || Study examines epidermis morphogenesis including hair follicle development || Bulk RNA-seq on sorted basal cells from embryonic skin where hair follicles are forming,include || include,review
GSE300343,H3K9me3 controls epidermis development by repressing RNA Pol II activity on key promoters and enhancers [CUT&Run],include,review,存在毛发相关描述，但缺少足够的研究对象或样本证据,include,0.9,Hair follicle formation in developing epidermis,Hair follicle formation is a central phenotype and the study investigates its disruption at the molecular level.,"Summary states 'disrupted hair follicle formation' as a phenotype upon H3K9me3 depletion || Study examines epidermis morphogenesis, which includes hair follicle development || Single cell transcriptomic analysis of epidermal cells, which likely includes hair follicle progenitors",include || include,review
GSE300346,H3K9me3 controls epidermis development by repressing RNA Pol II initiation on key promoters and enhancers [scRNA-seq],include,review,存在毛发相关描述，但缺少足够的研究对象或样本证据,include,0.9,Hair follicle formation in developing epidermis,"Hair follicle formation is a central phenotype and the assayed epidermal cells include hair follicle progenitors, making it relevant to hair biology.","Summary states 'disrupted hair follicle formation' as a phenotype of H3K9me3 loss || scRNA-seq performed on epidermal basal cells at E16.5, a stage when hair follicle placodes are forming || Study investigates epidermis morphogenesis, which includes hair follicle development as a key component",include || include,review
GSE318406,H3K9me3 controls epidermis development by repressing RNA Pol II activity on key promoters and enhancers [CUT&Run - Temporal],include,review,存在毛发相关描述，但缺少足够的研究对象或样本证据,include,0.9,H3K9me3 role in epidermis development including hair follicle formation,Hair follicle formation is a central developmental endpoint directly assayed in this study of epidermal morphogenesis.,"Summary states 'disrupted hair follicle formation' as a key phenotype upon H3K9me3 loss || Study examines epidermal development and directly assays hair follicle formation as an endpoint || Samples are epidermal cells from developing mouse embryos, which include hair follicle progenitors",include || include,review
GSE294435,Transcription Elongation Factor SPT6 Maintains Epidermal Homeostasis and Suppresses Skin Inflammation in Mice,include,review,存在毛发相关描述，但缺少足够的研究对象或样本证据,include,0.9,"Role of SPT6 in epidermal homeostasis, hair follicle development, and skin inflammation","Hair follicle development is a central endpoint of the study, and the omics experiment is designed to explain it.","Summary states: 'SPT6 regulates skin inflammation, hair follicle development, and wound healing' || Hair follicle development is explicitly listed as a biological process affected by Supt6 knockout || scRNA-seq of epidermis from Supt6 KO mice likely captures hair follicle cells",include || include,review
GSE325671,Single-cell RNA-seq profiling of the DHT-induced androgenetic alopecia (AGA) mouse model treated with anti-DKK3 antibody,include,include,标题以毛囊、毛发生物学或脱发为主要研究主题,include,0.95,Androgenetic alopecia mouse model treated with anti-DKK3 antibody,"The study's primary disease is androgenetic alopecia, and the omics experiment is designed to understand its cellular mechanisms and treatment response.","Title explicitly states profiling of DHT-induced androgenetic alopecia mouse model || Summary describes investigation of cellular changes in AGA and effects of DKK3 blockade on hair follicle miniaturization || Overall design uses dorsal skin from AGA model, directly addressing hair loss disorder",include || include,include
GSE316832,Comprehensive single-cell transcriptomic profiling of the scalp from patients with moderate-to-severe alopecia areata,include,include,实验设计明确包含毛囊、头皮、毛周期或相关细胞/样本,include,0.98,Alopecia areata scalp single-cell transcriptomics,"The study directly investigates alopecia areata, a hair-loss disorder, using scalp biopsies to profile the transcriptomic landscape of hair follicle disruption.",Title: Comprehensive single-cell transcriptomic profiling of the scalp from patients with moderate-to-severe alopecia areata || Summary: Alopecia areata (AA) is an autoimmune hair loss disorder characterized by follicular destruction. || Summary: Objective: To characterize the single-cell transcriptomic landscape underpinning AA scalp compared to healthy controls. || Summary: Methods: single-cell RNA-sequencing on lesional and nonlesional scalp biopsies from 13 patients with moderate-to-severe AA and 11 healthy controls. || Summary: Lesional keratinocytes further demonstrated downregulated hair keratins and increased interferon signaling. || Summary: Conclusion: ...disrupting immune privilege at the hair follicle and driving disease progression and/or severity.,include || include,include
GSE277257,Gene expression profile in Shh-expressing cells of hair follicles in mouse during CIA,include,include,实验设计明确包含毛囊、头皮、毛周期或相关细胞/样本,include,0.98,Shh-expressing cells in hair follicles during chemotherapy-induced alopecia,"The study directly assays hair follicle cells (Shh-expressing) to investigate the mechanism of chemotherapy-induced alopecia, a hair-loss disorder.",Title: Gene expression profile in Shh-expressing cells of hair follicles in mouse during CIA || Summary: Isolated Shh-expressing cells in hair follicles of Shh-GFP+/- mice treated with CYP to study chemotherapy-induced alopecia || Overall_Design: Shh-expressing cells were isolated from hair follicles in mice before or 12 and 24 hours post CYP treatment using flow cytometry,include || include,include
GSE286328,Single-Cell Chromatin Accessibility Landscape of Developing Perinatal Mouse Skin: A Multi-Omics Approach to Lineage Specification [scATAC-seq and scRNA-seq],include,include,摘要明确说明毛囊/脱发相关组学对象，且未被无关实验设计否定,include,0.95,Hair follicle formation during perinatal mouse skin development,The study directly investigates hair follicle formation as a primary biological subject using omics data from developing skin.,"Title mentions 'Hair Follicle' indirectly via 'Lineage Specification' in developing skin || Summary explicitly states 'hair follicle formation' as a key focus || Overall design includes time points (E18.5, PD0, PD2, PD4) that capture hair follicle morphogenesis || Multi-omics approach (scATAC-seq and scRNA-seq) designed to identify drivers of fibroblast differentiation and hair follicle formation",include || include,include
GSE324041,HTRA1 Mutation and Expression Regulation in Cerebral Small Vessel Disease,exclude,exclude,毛发/脱发仅作为药物适应证、不良事件、临床表现或次要结局出现,exclude,0.95,Cerebral small vessel disease (CSVD) and HTRA1 mutations,Alopecia is a secondary phenotype in a study primarily about cerebral small vessel disease; no hair follicle or skin samples are assayed.,"Title: 'HTRA1 Mutation and Expression Regulation in Cerebral Small Vessel Disease' || Summary: Study focuses on CSVD pathogenesis, HTRA1 mutations, and effects on brain endothelial cells and cognitive behavior. || Overall_Design: Samples are peripheral blood from HTRA1 mutation carriers and healthy controls; no hair follicle or skin samples assayed. || Alopecia is only mentioned as a clinical manifestation of the syndrome, not the primary subject or assayed tissue.",exclude || exclude,exclude
GSE208730,"RNA sequencing of slow-and fast-cycling epidermal stem cells vs hair follicle stem cells in murine back skin, tail skin vs oral epithelium",include,include,标题以毛囊、毛发生物学或脱发为主要研究主题,include,0.95,Hair follicle stem cells compared to epidermal and oral epithelial stem cells,The study directly assays hair follicle stem cells as a primary biological subject for transcriptomic comparison.,"Title explicitly mentions 'hair follicle stem cells' as a comparator || Summary states comparison of 'mouse skin epidermal stem cells' and 'mouse oral epithelial stem cells', with hair follicle stem cells being a distinct population in skin || Overall design includes back skin and tail skin, which contain hair follicles, and the study aims to characterize stem cell heterogeneity",include || include,include
GSE316224,ZNF750 loss in junctional zone of hair follicle and sebaceous gland leads to severe seborrheic-like psoriasiform dermatitis [day 36],include,include,标题以毛囊、毛发生物学或脱发为主要研究主题,include,0.9,Hair follicle junctional zone and sebaceous gland in Zfp750 knockout mice,"The study directly investigates the hair follicle junctional zone, making it a primary biological subject.",Title explicitly mentions hair follicle and junctional zone || Summary states loss of Zfp750 in junctional zone of hair follicle || Overall design uses skin cells from mice with targeted knockout in hair follicle junctional zone,include || include,include
GSE316225,ZNF750 loss in junctional zone of hair follicle and sebaceous gland leads to severe seborrheic-like psoriasiform dermatitis [day 50],include,include,标题以毛囊、毛发生物学或脱发为主要研究主题,include,0.95,Hair follicle junctional zone and sebaceous gland in ZNF750 knockout mice,"The study directly investigates the hair follicle junctional zone and its role in skin inflammation, making hair follicle biology a primary subject.","Title explicitly mentions hair follicle and sebaceous gland junctional zone || Summary states loss of Zfp750 in junctional zone of hair follicle || Overall design uses skin cells from control and Zfp750 knockout mice, focusing on hair follicle biology",include || include,include
GSE314399,The human Flower isoform hFWE4 facilitates cornification in cutaneous squamous cell carcinoma,exclude,exclude,毛发/脱发仅作为药物适应证、不良事件、临床表现或次要结局出现,exclude,0.95,cutaneous squamous cell carcinoma differentiation and cornification,"The study investigates cornification and differentiation in cSCC, with hair follicles only referenced as the anatomical origin of keratinocytes; no hair follicle biology or alopecia is assayed.","Title and summary focus on cSCC, keratin pearls, and differentiation status as a prognostic marker. || Hair follicles are mentioned only as part of the tissue of origin for keratinocytes, not as a primary subject. || Experimental design uses subcutaneous xenografts of cSCC cell lines, not hair follicle samples. || No alopecia or hair biology endpoint is studied.",exclude || exclude,exclude
GSE315061,Effects of oxytocin receptor agonists on the hair growth ability of dermal papilla cells,include,include,实验设计明确包含毛囊、头皮、毛周期或相关细胞/样本,include,0.95,Human dermal papilla cells and their hair growth ability,"The study directly assays dermal papilla cells, a primary hair follicle cell type, and investigates hair growth ability as the central endpoint.",Title: Effects of oxytocin receptor agonists on the hair growth ability of dermal papilla cells || Summary: We examined effects of oxytocin receptor agonists on the hair growth ability of dermal papilla cells. || Overall_Design: We analysed gene expression of human dermal papilla cells with/without oxytocin receptor agonists treatment for 6 days.,include || include,include
GSE300176,Molecular Signatures and Signaling Interactions of the Hair Follicle Stem Cell Niche,include,include,实验设计明确包含毛囊、头皮、毛周期或相关细胞/样本,include,0.98,"Hair follicle stem cell niche (dermal papilla, bulge stem cells, hair germ stem cells)","The study directly assays hair follicle stem cell populations (DP, BuSC, HGSC) and their niche, making it central to hair biology.","Title explicitly states 'Hair Follicle Stem Cell Niche' || Summary describes profiling of dermal papilla, bulge stem cells, and hair germ stem cells || Overall design lists FACS-isolated Dermal Papilla, Bulge Stem Cells, and Hair Germ Stem Cells from mouse back skin || Study aims to define transcriptomes of hair follicle stem cells and their niche",include || include,include
GSE305111,Rete ridges form via evolutionarily distinct mechanisms in mammalian skin,exclude,review,存在毛发相关描述，但缺少足够的研究对象或样本证据,exclude,0.95,Epidermal rete ridges,"The study focuses on rete ridge development as an independent structure, not hair follicles or alopecia; hair follicles are only mentioned as a comparative reference.","Title: 'Rete ridges form via evolutionarily distinct mechanisms in mammalian skin' || Summary: 'rete ridges form through an independent mechanism from hair follicles and sweat glands' || Summary: 'replacement of the molecular program for formation of discrete microscopic appendages, including hair follicles and sweat glands, with a distinct program for the interconnected appendage network'",exclude || exclude,review
GSE283674,Folate receptor β performs a checkpoint function in activated macrophages,exclude,exclude,毛发/脱发仅作为药物适应证、不良事件、临床表现或次要结局出现,exclude,0.95,folate receptor beta in macrophage immune checkpoint function,"Alopecia is mentioned only as a possible autoimmune symptom in knockout mice; the study's actual subject is macrophage biology and immune checkpoint function, not hair follicle biology or alopecia disease mechanisms.","Summary states FRβ knockout mice display autoimmune symptoms that can include alopecia, but alopecia is only one of several symptoms and not the primary focus. || The study assays bone marrow-derived macrophages, not hair follicle cells or tissue. || The overall design compares gene expression in WT vs FRβ KO macrophages, with no mention of hair follicle samples.",exclude || exclude,exclude
GSE306678,SPP1+ Macrophages Contribute to Hair Growth in Contact Hypersensitivity,include,include,标题以毛囊、毛发生物学或脱发为主要研究主题,include,0.95,SPP1+ macrophages in hair growth during contact hypersensitivity,The study directly investigates hair growth as a central biological question.,Title explicitly states 'Contribute to Hair Growth' || Study investigates hair growth as a primary endpoint,include || include,include
GSE306510,SPP1+ Macrophages Contribute to Hair Growth in Contact Hypersensitivity [scRNA-Seq],include,include,标题以毛囊、毛发生物学或脱发为主要研究主题,include,0.9,SPP1+ macrophages in contact hypersensitivity and their contribution to hair growth,"The study directly investigates hair growth as a primary outcome, with immune cells profiled from skin in a model relevant to hair follicle biology.","Title explicitly states 'Contribute to Hair Growth' || Summary mentions 'skin inflammation and regeneration', which in context of hair growth suggests hair follicle biology || Study uses DPCP-induced dermatitis, a model known to affect hair follicles",include || include,include
GSE306509,SPP1+ Macrophages Contribute to Hair Growth in Contact Hypersensitivity [bulk RNA-Seq],include,include,实验设计明确包含毛囊、头皮、毛周期或相关细胞/样本,include,0.95,Hair follicle stem cell transcriptional reprogramming during inflammation,"The study directly assays sorted hair follicle stem cells to investigate molecular mechanisms of hair growth during inflammation, making hair biology a primary subject.",Title mentions 'Hair Growth' and 'SPP1+ Macrophages' in the context of contact hypersensitivity || Summary states 'Transcriptomic analysis of sorted HFSCs' and 'HFSCs undergo intrinsic molecular changes that parallel their regenerative response' || Overall design describes sorting hair follicle stem cells (HFSCs) from DPCP-treated skin and control skin for transcriptomic profiling,include || include,include
GSE279380,Sympathetic Neuron Hyperactivation Drives Hair Follicle Necrosis and T Cell Autoreactivity,include,include,标题以毛囊、毛发生物学或脱发为主要研究主题,include,0.95,Hair follicle necrosis and T cell autoreactivity under stress,"The study directly investigates hair follicle biology, including necrosis of HF-TACs and autoimmune attack on the follicle, making it central to a hair follicle/alopecia collection.","Title explicitly states 'Hair Follicle Necrosis' || Summary describes stress-induced hair loss, necrosis in hair follicle transit-amplifying cells (HF-TACs), and T cell-mediated attack against the hair follicle || Overall design uses FACS-purified cells from mouse skin, with conditions relevant to hair follicle stress response",include || include,include
GSE310020,TGFα is Required for Hair Follicle Function During Aging and its Loss Leads to Progressive Alopecia,include,include,标题以毛囊、毛发生物学或脱发为主要研究主题,include,0.95,Hair follicle function and alopecia in aging mice,"The study directly investigates hair follicle function and alopecia using a mouse model, with omics data from skin epidermis containing hair follicles.","Title explicitly states TGFα is required for hair follicle function and its loss leads to progressive alopecia || Summary indicates gene expression changes in epidermis of mice lacking Tgfa, directly relevant to hair follicle biology || Overall design uses back skin epidermis from aged mice, a tissue containing hair follicles, to study alopecia",include || include,include
GSE295605,Dermal adipocytes activate hair follicle stem cells through metabolic communication [SDS II],include,include,实验设计明确包含毛囊、头皮、毛周期或相关细胞/样本,include,0.98,Hair follicle stem cell activation by dermal adipocytes,"The study directly assays hair follicle stem cells to understand their activation and hair regeneration, making it central to hair biology.",Title explicitly mentions hair follicle stem cells and dermal adipocytes || Summary states the study investigates activation of hair follicle stem cells (HFSCs) leading to hair regeneration || Overall design describes treatment of mouse dorsal skin and extraction of hair follicle stem cells (Cd34+/Lgr5GFP+/Sca1-) for RNA-seq,include || include,include
GSE239990,Dermal adipocytes activate hair follicle stem cells through metabolic communication,include,include,标题以毛囊、毛发生物学或脱发为主要研究主题,include,0.95,Hair follicle stem cell activation by dermal adipocytes,"The study directly investigates hair follicle stem cell biology and their activation, which is a core hair biology topic.",Title explicitly states 'activate hair follicle stem cells' || Study focuses on metabolic communication between dermal adipocytes and hair follicle stem cells,include || include,include
GSE239988,Dermal adipocytes activate hair follicle stem cells through metabolic communication [SDS],include,include,标题以毛囊、毛发生物学或脱发为主要研究主题,include,0.95,Hair follicle stem cell activation by dermal adipocytes in response to irritation,"The study directly investigates hair follicle stem cell activation and hair regeneration, making hair biology the primary subject.","Title explicitly mentions hair follicle stem cells and metabolic communication with dermal adipocytes || Summary states that external irritation activates hair follicle stem cells (HFSCs) leading to hair regeneration || Study investigates mechanism of HFSC activation via adipocyte lipolysis and fatty acid metabolism || Overall design uses whole skin samples to study irritation-induced hair growth, with HFSCs as central biological subject",include || include,include
GSE239986,Dermal adipocytes activate hair follicle stem cells through metabolic communication [HFSC],include,include,实验设计明确包含毛囊、头皮、毛周期或相关细胞/样本,include,0.98,Hair follicle stem cell activation by dermal adipocytes,"The study directly assays hair follicle stem cells to understand their activation and role in hair regeneration, making it central to hair follicle biology.",Title explicitly mentions hair follicle stem cells (HFSCs) and dermal adipocytes || Summary states the study investigates how external irritation activates HFSCs leading to hair regeneration || Overall design describes sorting of hair follicle stem cells (Cd34+/Lgr5GFP+/Sca1-) from mouse dorsal skin for RNA-seq,include || include,include
GSE272333,TOWARDS THE GENERATION OF A LASER CAPTURE MICRODISSECTION-BASED HUMAN ANAGEN HAIR FOLLICLE TRANSCRIPTOME ATLAS,include,include,实验设计明确包含毛囊、头皮、毛周期或相关细胞/样本,include,1.0,Human anagen hair follicle compartment transcriptomes,"The study directly assays laser-capture microdissected compartments of human anagen hair follicles to build a transcriptome atlas, making hair follicle biology the primary subject.",Title: TOWARDS THE GENERATION OF A LASER CAPTURE MICRODISSECTION-BASED HUMAN ANAGEN HAIR FOLLICLE TRANSCRIPTOME ATLAS || Summary: systematic characterization of the transcriptome of specific human hair follicle (HF) compartments || Overall_Design: LCM-based RNA-Seq from 8 defined HF compartments of occipital scalp terminal anagen VI HFs,include || include,include
GSE216398,miR-29 is an important driver of aging-related phenotypes,exclude,exclude,毛发/脱发仅作为药物适应证、不良事件、临床表现或次要结局出现,exclude,0.95,aging-related phenotypes driven by miR-29 overexpression,"Alopecia is a secondary phenotype in a study focused on aging, and the omics data (liver RNA-seq) does not address hair biology.","Alopecia is listed as one of several aging-related phenotypes in miR-29 transgenic mice, but the study's primary focus is on miR-29's role in aging, not hair biology. || The only omics experiment is RNA-seq of liver tissue, which does not assay hair follicles or skin. || No hair follicle, skin, or alopecia-specific samples were profiled; alopecia is merely a phenotypic observation.",exclude || exclude,exclude
GSE305547,Regulatory T cells in skin utilize the Cxcr4-Cxcl12 axis to promote hair follicle regeneration,include,include,标题以毛囊、毛发生物学或脱发为主要研究主题,include,0.95,Hair follicle regeneration and immune cell interactions in human scalp skin,"The study directly investigates hair follicle regeneration as a central biological question, using scalp skin samples to profile cellular constituents and immune interactions relevant to hair biology.","Title explicitly states 'Regulatory T cells in skin utilize the Cxcr4-Cxcl12 axis to promote hair follicle regeneration' || Summary mentions 'hair follicles are microanatomic niches that attract immune cells' and the dataset was generated to study chemokines in keratinocytes and their receptors on skin lymphocytes || Overall design uses healthy human scalp skin specimens, which contain hair follicles as a primary tissue component",include || include,include
GSE279813,"Gene expression changes in skin of dihydrotestosterone-induced mice after treatment of a newly-developed traditional Chinese medicine formula, Hanlianxiang.",include,review,存在毛发相关描述，但缺少足够的研究对象或样本证据,include,0.95,Androgenetic alopecia treatment in mouse skin,The study directly investigates androgenetic alopecia using a mouse model and assays skin samples to evaluate treatment effects.,Title mentions dihydrotestosterone-induced mice and treatment for androgenetic alopecia || Summary states investigation of Hanlianxiang for treatment of androgenetic alopecia || Overall design uses DHT-induced mouse model of androgenetic alopecia and collects skin samples,include || include,review
GSE308812,Single-cell gene expression analysis of ulcerated skin in Has2 transgenic and wild-type mice with scratching-induced ulcerative derm,exclude,exclude,毛发/脱发仅作为药物适应证、不良事件、临床表现或次要结局出现,exclude,0.95,ulcerative dermatitis in mice,"Hair loss is mentioned as a symptom of ulcerative dermatitis, but the study's primary focus is on chronic skin inflammation and non-healing wounds, not hair follicle biology or alopecia. The assayed samples are ulcerated lesional skin, and the analysis aims to understand general skin injury and inflammation, not hair-specific mechanisms.","Title: 'Single-cell gene expression analysis of ulcerated skin in Has2 transgenic and wild-type mice with scratching-induced ulcerative derm' || Summary: 'Ulcerative dermatitis (UD) in mice is an idiopathic skin disease characterized by intense pruritus, hair loss, self-inflicted lesions, and progression to ulceration.' || Overall_Design: 'The ulcerated lesional skin from scratching-induced UD wild type or whole-body Has2 overexpression mice were separated and analyzed using single-cell RNA sequencing (scRNA-seq).'",exclude || exclude,exclude
GSE279013,H2AK119ub dynamics controls hair follicle stem cell quiescence [RNA-Seq 2],include,include,实验设计明确包含毛囊、头皮、毛周期或相关细胞/样本,include,0.98,hair follicle stem cell quiescence and epigenetic regulation,"The study directly assays hair follicle stem cells to investigate their quiescence and activation, making it central to hair biology.",Title explicitly states 'hair follicle stem cell quiescence' || Summary focuses on hair follicle stem cells (HFSCs) and their regulation || Overall_Design describes isolation and sorting of HFSCs from mouse back skin,include || include,include
GSE279012,H2AK119ub dynamics controls hair follicle stem cell quiescence [RNA-Seq 1],include,include,实验设计明确包含毛囊、头皮、毛周期或相关细胞/样本,include,0.98,hair follicle stem cell quiescence and epigenetic regulation,"The study directly investigates hair follicle stem cell biology, making it highly relevant to a hair follicle omics collection.","Title explicitly states 'hair follicle stem cell quiescence' || Summary focuses on hair follicle stem cells (HFSCs) and their regulation || Overall design describes isolation of HFSCs from mouse back skin using specific markers (EpCAM+, Sca1-, α6-integrin high, CD34+)",include || include,include
GSE261821,The G-Protein-Coupled Receptor Kinase 2 (GRK2) Orchestrates Hair Follicle Homeostasis,include,include,实验设计明确包含毛囊、头皮、毛周期或相关细胞/样本,include,0.98,Hair follicle homeostasis and hair loss mechanisms,"The study directly investigates hair follicle biology, using hair follicle stem cells as the primary sample, and addresses mechanisms of hair loss.","Title explicitly states 'Hair Follicle Homeostasis' || Summary describes study of hair follicle cycling, stem cells, dermal papilla, and hair loss || Overall design uses hair follicle stem cells (HFSCs) as the profiled sample",include || include,include
GSE273335,Identification of unique mesenchymal subpopulations for regenerating follicular and interfollicular epithelia after devastating necrosis in the skin graft,include,review,存在毛发相关描述，但缺少足够的研究对象或样本证据,include,0.95,Hair follicle regeneration and dermal papilla cells in skin graft,"The study directly investigates hair follicle regeneration, dermal papilla cells, and follicular development as primary biological subjects.",Title mentions 'regenerating follicular... epithelia' || Summary states 'regeneration processes of the follicular and interfollicular tissues' || Summary highlights 'Dermal papilla cells' and their role in 'follicular development' || Summary identifies a mesenchymal subpopulation contributing to 'follicular... epithelial regeneration',include || include,review
GSE237520,Single-cell transcriptomic reconstruction of the human hair cycle: Capturing the temporal dynamics of skin tissue remodeling,include,include,标题以毛囊、毛发生物学或脱发为主要研究主题,include,0.98,Human hair cycle dynamics in hair follicles and surrounding dermis,"The study directly profiles hair follicles across different hair cycle phases, making hair biology the central subject.",Title explicitly states single-cell transcriptomic reconstruction of the human hair cycle || Summary describes obtaining scRNA-seq from human skin samples containing a single hair to investigate hair cycle phases || Interfollicular epidermis was removed to focus analysis on hair follicles and surrounding dermis || Overall design details dissection of single-hair samples and non-hair controls for comparison,include || include,include
GSE288124,"Single-cell sequencing WT and PADI4 cKO skin, P1",include,include,摘要明确说明毛囊/脱发相关组学对象，且未被无关实验设计否定,include,0.95,Hair follicle development and progenitor cell regulation by PADI4,"The study's primary biological subject is hair follicle development, with scRNA-seq directly assaying hair lineage cells to investigate PADI4 function.","Title mentions skin but summary explicitly focuses on hair follicle development || Summary states: 'exploit the well characterized and stereotyped hair follicle development to delineate the function of PADI4' || Summary: 'Padi4 in both progenitor and differentiated hair lineage cells during hair follicle development' || Summary: 'PADI4 contributes to hair follicle development by repressing progenitor cell proliferation' || Overall design uses P1 mouse back skin, a common model for hair follicle morphogenesis",include || include,include
GSE291220,Serotonin activates dermal papilla cells and promotes hair growth,include,include,实验设计明确包含毛囊、头皮、毛周期或相关细胞/样本,include,0.95,human dermal papilla cells and hair growth,"The study directly assays dermal papilla cells, a key hair follicle component, and investigates hair growth promotion.",Title: 'Serotonin activates dermal papilla cells and promotes hair growth' || Summary: 'effects of serotonin (5HT) or sumatriptan on the hair growth ability of dermal papilla cells' || Overall_Design: 'gene expression of human dermal papilla cells with/without serotonin (5HT) or sumatriptan treatment',include || include,include
GSE248615,Antagonistic stem cell fates under stress govern decisions between hair greying and melanoma,include,include,标题以毛囊、毛发生物学或脱发为主要研究主题,include,0.95,Hair greying and melanoma from melanocyte stem cells,"The study directly addresses hair greying as a central biological question, involving melanocyte stem cells in the hair follicle.",Title explicitly mentions hair greying || Study investigates stem cell fates related to hair pigmentation,include || include,include
GSE248614,Antagonistic stem cell fates under stress govern decisions between hair greying and melanoma [RNA-seq],include,include,实验设计明确包含毛囊、头皮、毛周期或相关细胞/样本,include,0.95,Melanocyte stem cells and hair graying,The study directly assays hair follicle stem cells and investigates hair graying as a primary biological endpoint.,Title mentions hair greying and stem cell fates || Summary describes melanocyte stem cell depletion leading to hair graying || Overall design specifies FACS-purified hair follicle stem cells/hair germ,include || include,include
GSE281669,Hair Follicle Epithelial Stem Cells Contributing to Interfollicular Epidermis during Homeostasis [single-cell RNA-seq],include,include,标题以毛囊、毛发生物学或脱发为主要研究主题,include,0.95,Hair follicle epithelial stem cells and their contribution to interfollicular epidermis,"The study directly assays hair follicle epithelial stem cells and investigates their role in epidermal homeostasis, making hair follicle biology a primary subject.","Title explicitly states 'Hair Follicle Epithelial Stem Cells' || Summary describes KROX20 marking stem cells in the upper and middle mouse hair follicle || Lineage tracing shows migration from hair follicle to interfollicular epidermis || Samples are FACS-sorted Krox20-expressing cells from epidermis, which include hair follicle stem cells",include || include,include
GSE277469,Integrated single-cell chromatin and transcriptomic analyses of human peripheral immune cells in patients with alopecia areata.,include,include,实验设计明确包含毛囊、头皮、毛周期或相关细胞/样本,include,0.95,Alopecia areata peripheral immune cells,"Alopecia areata is the primary disease under study, and the omics experiment is designed to understand its immune mechanisms, even though the profiled samples are peripheral blood.",Title explicitly states 'patients with alopecia areata' || Summary aims to investigate gene expression and epigenetic changes in circulating immune cells across alopecia areata severity || Overall design compares severe and mild alopecia areata patients with healthy controls,include || include,include
GSE273109,Hair follicle stem cell fate supports distinct clinical endotypes in Hidradenitis Suppurativa,include,include,实验设计明确包含毛囊、头皮、毛周期或相关细胞/样本,include,0.95,Hair follicle stem cell fate in Hidradenitis Suppurativa,"Hair follicle cells are the directly assayed sample and the primary biological subject, with the study investigating hair follicle stem cell fate and its role in HS endotypes.","Title explicitly states 'Hair follicle stem cell fate' || Summary describes scRNA-seq on hair follicle cells from HS patients and healthy donors || Overall design: single-cell RNA-Sequencing on hair follicles samples from 5 HS patients and 2 healthy donors || Study identifies hair follicle matrix and non-matrix lineages, and stem cell differentiation pathways",include || include,include
GSE295410,Single-cell RNA-seq of mouse androgenetic alopecia models treated with CXCL12-neutralizing antibody,include,include,实验设计明确包含毛囊、头皮、毛周期或相关细胞/样本,include,0.98,Androgenetic alopecia mouse model skin microenvironment,"The study directly investigates androgenetic alopecia, a hair-loss disorder, using scRNA-seq on skin samples to profile follicular and stromal cell populations, including dermal papilla cells.","Title: Single-cell RNA-seq of mouse androgenetic alopecia models treated with CXCL12-neutralizing antibody || Summary: Androgenetic alopecia (AGA) is a common form of hair loss... || Summary: ...reprogram a Sox2+ Twist1+ dermal papilla cell population... || Overall_Design: Skin samples from control, AGA model, and treated mice",include || include,include
GSE256023,Effects of WAY267464 or LIT001 on the hair growth ability of dermal papilla cells,include,include,实验设计明确包含毛囊、头皮、毛周期或相关细胞/样本,include,0.95,Hair growth ability of dermal papilla cells treated with WAY267464 or LIT001,"The study directly assays dermal papilla cells, a primary hair follicle cell type, to investigate hair growth ability, making it central to hair biology.",Title explicitly states 'hair growth ability of dermal papilla cells' || Summary confirms examination of effects on hair growth ability of dermal papilla cells || Overall design describes gene expression analysis of human dermal papilla cells with treatments,include || include,include
GSE267664,Effect of DHT modeling on AGA frontal hair follicles.,include,include,实验设计明确包含毛囊、头皮、毛周期或相关细胞/样本,include,0.95,Androgenetic alopecia frontal hair follicles,"The study directly assays hair follicles from androgenetic alopecia patients to investigate disease mechanisms, making it central to hair biology and alopecia.",Title explicitly states 'Effect of DHT modeling on AGA frontal hair follicles' || Summary mentions 'explore the biological mechanisms of androgenetic alopecia' || Overall design uses DHT to organ culture AGA frontal hair follicles,include || include,include
GSE294647,Specific and redundant roles for Gli2 and Gli3 in establishing cell fate during hair follicle development,include,include,标题以毛囊、毛发生物学或脱发为主要研究主题,include,0.95,Hair follicle development and cell fate specification,"The study directly investigates hair follicle development and cell fate, making it central to hair biology.","Title explicitly states 'hair follicle development' || Summary describes hair follicle morphogenesis, sebaceous gland formation, and stem cell roles in skin epithelium || Overall design uses epidermal whole mounts from back skin to study hair follicle cell fate",include || include,include
GSE296033,Rebamipide Induces Hair Regeneration through EP4-Driven Lipid Metabolism Remodeling,include,include,标题以毛囊、毛发生物学或脱发为主要研究主题,include,0.95,Hair follicle regeneration and alopecia treatment via dermal adipocyte modulation,"The study directly investigates hair follicle biology and alopecia treatment, with omics data designed to explain hair regeneration mechanisms.",Title explicitly states 'Hair Regeneration' || Summary describes alopecia as the disorder and hair cycling abnormality || Study investigates activation of quiescent hair follicles and hair follicle stem cells (HFSCs) || RNA-seq performed on dorsal skin to assess treatment effects on hair regeneration,include || include,include
GSE294233,RNA seq on murine basal keratinocytes and murine Lrig1 positive sorted keratinocytes,include,review,存在毛发相关描述，但缺少足够的研究对象或样本证据,include,0.95,Hair follicle stem cell activation signals,"The study directly investigates hair follicle stem cell activation by profiling Lrig1+ cells, a key follicular stem cell population.","Title mentions Lrig1 positive sorted keratinocytes, a known hair follicle stem cell marker || Summary states aim to identify Epidermal Niche signals responsible for Hair follicle stem cells activation || Lrig1+ cells are a well-characterized hair follicle stem cell population",include || include,review
GSE280868,Identification of Keratin 5 expression lineage fibroblasts in hair follicles,include,include,标题以毛囊、毛发生物学或脱发为主要研究主题,include,0.95,Hair follicle dermal cells (dermal papilla and dermal sheath) and their epidermal origin,"The study directly assays hair follicle dermal papilla and dermal sheath cells and investigates their developmental origin, making it central to hair follicle biology.","Title explicitly states 'hair follicles' || Summary indicates transcriptomic signatures of dermal papilla and dermal sheath cells || Study investigates hair follicle dermal cells derived from epidermis via EMT || scRNA-seq of sorted cells from neonatal skin, focusing on hair follicle-related mesenchymal cells",include || include,include
GSE266896,Gene expression profile at single cell level of skin cells from back skin of control and Piezo1 inducible knock-out mice,include,include,摘要明确说明毛囊/脱发相关组学对象，且未被无关实验设计否定,include,0.95,Hair follicle cells and Piezo1 mechanosensing,"The study directly investigates Piezo1 function in hair follicle cells using scRNA-seq, making hair follicle biology a primary subject.","Title specifies skin cells from back skin, which contains hair follicles || Summary states analysis of functions of mechanical sensing by Piezo1 in hair follicle cells || scRNA-seq of back skin cells, which include hair follicle populations",include || include,include
GSE198913,Single cell transcriptome of dermal sheath cup cells contributing to efficacy of cell-based therapy for patterned hair loss,include,include,实验设计明确包含毛囊、头皮、毛周期或相关细胞/样本,include,0.98,Dermal sheath cup cells for patterned hair loss therapy,"The study directly assays hair follicle-derived dermal sheath cup cells and investigates their role in treating pattern hair loss, a primary alopecia condition.",Title explicitly mentions dermal sheath cup cells and patterned hair loss || Summary states autologous cell-based therapy using DSC cells for male and female pattern hair loss || Study compares gene expression in DSC cells from high vs low efficacy groups,include || include,include
GSE256251,MCL‑1 is essential for hair growth by preventing BAK‑mediated apoptosis of activated adult hair follicle stem cells,include,include,实验设计明确包含毛囊、头皮、毛周期或相关细胞/样本,include,0.95,Hair follicle stem cells and hair growth,"The study directly investigates hair follicle stem cells and their role in hair growth, making it central to hair biology.","Title explicitly states 'MCL-1 is essential for hair growth' and involves 'activated adult hair follicle stem cells' || Summary describes hair follicle cycling, hair loss, and hair follicle stem cell elimination || Overall design profiles adult hair follicle regeneration at multiple time points post depilation",include || include,include
GSE225460,The Role of Interferon-γ in Autoimmune Polyendocrine Syndrome Type 1,exclude,exclude,毛发/脱发仅作为药物适应证、不良事件、临床表现或次要结局出现,exclude,0.95,Autoimmune polyendocrine syndrome type 1 (APS-1) and interferon-γ-mediated multiorgan autoimmunity,Alopecia is a secondary clinical outcome in a study of systemic interferon-γ-driven autoimmunity in APS-1; no hair follicle-specific omics data or primary hair biology question.,"Title: 'The Role of Interferon-γ in Autoimmune Polyendocrine Syndrome Type 1' || Summary: Study focuses on APS-1, a multiorgan autoimmune syndrome; alopecia is listed only as one of many clinical manifestations that improved with ruxolitinib treatment. || Overall_Design: Genomics and Computational Biology Core (contributor) - no indication of hair follicle-specific sampling or analysis.",exclude || exclude,exclude
GSE252821,Sphingolipid metabolism orchestrates the establishment of the adult hair follicle stem cell niche to control skin homeostasis,include,include,标题以毛囊、毛发生物学或脱发为主要研究主题,include,0.95,Hair follicle stem cell niche establishment and skin homeostasis,The study directly investigates hair follicle stem cell niche formation and hair follicle biology as a central endpoint.,Title explicitly mentions 'adult hair follicle stem cell niche' || Summary states 'prevents the effective establishment of the adult hair follicle bulge stem cell (HFSCs) niche' || Summary describes 'altered differentiation trajectories of HFSC precursors' || Summary notes 'disruption of hair follicle architecture',include || include,include
GSE274498,snRNA-seq of murine tarsal plates,exclude,exclude,毛发/脱发仅作为药物适应证、不良事件、临床表现或次要结局出现,exclude,0.95,Meibomian gland cell subpopulations,The study's primary subject is Meibomian gland cell subpopulations; hair follicles are only mentioned as a background contaminant in the eyelid environment and are not assayed or central to the research question.,"Title: snRNA-seq of murine tarsal plates || Summary: The eyelid is a complex environment containing epidermal, hair follicles, and conjunctival cells closely adjacent to the Meibomian glands (MGs), making it challenging to isolate pure MG cells... To analyze transcription in MG subpopulations... we utilized snRNA-seq || Overall_Design: tarsal plates were digested... MGs were dissected... Nuclei were analyzed",exclude || exclude,exclude
GSE242713,Single-cell transcriptomic analysis of skin sorted CD45 positive and CD45 negative population from Il2ra upstream enhancer deleted (UP_Del) mice presenting with and without alopecia phenotype.,include,include,实验设计明确包含毛囊、头皮、毛周期或相关细胞/样本,include,0.95,Alopecia development in Il2ra upstream enhancer deleted mice,"Alopecia is the primary disease under study, and the omics experiment is designed to investigate its development using skin samples from an alopecia mouse model.",Title mentions alopecia phenotype || Summary states aim to understand function of CD25/IL-2Ra in regulation of alopecia development || Samples are from mice with and without alopecia phenotype || scRNA-seq performed on skin cells from alopecia model,include || include,include
GSE250294,Low fucosylation defines the glycocalyx of progenitor cells and melanocytes in the limbal epithelial stem cell niche,exclude,exclude,毛发/脱发仅作为药物适应证、不良事件、临床表现或次要结局出现,exclude,0.95,Limbal epithelial stem cell niche glycocalyx,The study's primary subject is the limbal epithelial stem cell niche; hair follicle is only a comparative tissue and not the central biological question or assayed sample.,"Title focuses on limbal epithelial stem cell niche || Summary states AAL binds differentially to basal cells in hair follicle but the study's primary subject is limbal stem cells || Overall design profiles AALlow and AALhigh subpopulations from limbus, not hair follicle || Hair follicle is only mentioned as a comparative tissue, not the primary assayed sample",exclude || exclude,exclude
GSE189684,Transcriptome profiling reveals different expression pattern between beard and scalp hair follicle in androgenetic alopecia.,include,include,实验设计明确包含毛囊、头皮、毛周期或相关细胞/样本,include,0.98,Transcriptome profiling of hair follicles from different body sites in androgenetic alopecia,"The study directly assays hair follicles from multiple body sites to investigate molecular mechanisms of androgenetic alopecia, making it a primary hair biology and alopecia dataset.","Title explicitly states transcriptome profiling of beard and scalp hair follicle in androgenetic alopecia || Summary describes profiling of hair follicles from frontal and occipital scalp, chin, and armpit || Study aims to identify genes contributing to androgen-responsive phenotype in hair follicles || Overall design confirms hair follicle mRNA profiles from multiple sites in androgenetic alopecia",include || include,include
GSE233904,Effects of oxytocin on the hair growth ability of dermal papilla cells,include,include,实验设计明确包含毛囊、头皮、毛周期或相关细胞/样本,include,0.95,Dermal papilla cells and hair growth,"The study directly assays dermal papilla cells, a primary hair follicle component, and investigates hair growth promotion, making it central to hair biology.","Title: Effects of oxytocin on the hair growth ability of dermal papilla cells || Summary: Examines effects of OXT on dermal papilla cells that control hair growth, uses hair follicle organoids, and mentions alopecia treatment development. || Overall_Design: Gene expression analysis of human dermal papilla cells with/without OXT treatment.",include || include,include
GSE282648,Vascular EC-derived factors promote DPC functions.,include,include,标题以毛囊、毛发生物学或脱发为主要研究主题,include,0.95,Human follicle dermal papilla cells (HFDPC) response to endothelial cell conditioned medium,"The study directly assays human follicle dermal papilla cells, a primary hair follicle cell type, to investigate molecular mechanisms of endothelial cell crosstalk relevant to hair biology.","Title: 'Vascular EC-derived factors promote DPC functions' (DPC = dermal papilla cells, a key hair follicle component) || Summary: 'transcriptional changes in the human follicle dermal papilla cells (HFDPC)' || Overall_Design: 'HFDPC culture' treated with EC-CM",include || include,include
GSE189616,Single cell RNA-seq of a laser treated alopecia model,include,include,实验设计明确包含毛囊、头皮、毛周期或相关细胞/样本,include,0.95,Molecular and cellular mechanism of fractional CO2 laser treatment for hair cycle initiation in an alopecia mouse model,"The study directly investigates hair cycle initiation in an alopecia model using scRNA-seq, making hair follicle biology the central subject.","Title explicitly states 'Single cell RNA-seq of a laser treated alopecia model' || Summary states 'Hair loss, including alopecia, is one of the most common dermatological issues worldwide' and 'investigate the molecular and cellular mechanism of laser treatment at the affective condition for hair cycle initiation' || Overall design describes applying fractional CO2 laser to initiate hair cycle in a mouse model of alopecia and analyzing irradiated skin by scRNA-seq",include || include,include
GSE274955,An mRNA treatment for human skin rejuvenation,include,review,存在毛发相关描述，但缺少足够的研究对象或样本证据,exclude,0.9,Skin aging and rejuvenation,"Hair follicles are mentioned as one of several cell types in a broad skin aging atlas; the primary subject is skin rejuvenation, not hair biology or alopecia.","Title: 'An mRNA treatment for human skin rejuvenation' || Summary: 'comprehensive human skin cell atlas', 'renewal ability of epidermis stem cells', 'fibroblasts, hair follicles, and endothelial cells' mentioned but not central || Overall_Design: 'compared skin transcriptomics between skin samples from the arm and back'",exclude || exclude,review
GSE246952,Intermittent fasting triggers interorgan communication to suppress hair follicle regeneration,include,include,实验设计明确包含毛囊、头皮、毛周期或相关细胞/样本,include,0.98,hair follicle stem cells and hair regeneration,The study directly assays hair follicle stem cells and investigates hair follicle regeneration as a primary endpoint.,Title explicitly mentions hair follicle regeneration || Summary states the study investigates how intermittent fasting affects hair regeneration by inducing apoptosis in activated hair follicle stem cells (HFSCs) || Overall design specifies FACS purified hair follicle stem cells from mouse skin,include || include,include
GSE233240,Stem Cell Activity-Coupled Suppression of Endogenous Retrovirus Governs Adult Tissue Regeneration [scRNA-seq],include,include,摘要中多处以皮肤毛囊/毛发生物学为核心问题,include,0.95,Hair follicle stem cell activity and regeneration,"The study directly investigates hair follicle stem cell activity and hair regeneration, with hair loss as a key phenotype.",Title mentions 'Stem Cell Activity' and 'Adult Tissue Regeneration' in the context of skin || Summary states 'hair loss and stem cell exhaustion' upon SETDB1 ablation || Summary explicitly says 'essential for adult hair regeneration' || Overall design uses scRNA-seq on skin epithelium from mice with hair phenotype,include || include,include
GSE227078,Stem Cell Activity-Coupled Suppression of Endogenous Retrovirus Governs Adult Tissue Regeneration [WGBS],include,include,实验设计明确包含毛囊、头皮、毛周期或相关细胞/样本,include,0.95,Hair follicle stem cells and regeneration,"The study directly assays hair follicle cells and investigates mechanisms of hair regeneration and hair loss, making it central to hair biology.",Title mentions 'Stem Cell Activity' and 'Adult Tissue Regeneration' in the context of hair loss || Summary states 'hair loss and stem cell exhaustion' upon SETDB1 ablation || Summary explicitly mentions 'hair follicle stem cells and progenitors' || Overall_Design specifies 'skin anagen hair follicle cells' as the assayed sample,include || include,include
GSE226580,Stem Cell Activity-Coupled Suppression of Endogenous Retrovirus Governs Adult Tissue Regeneration,include,include,摘要中多处以皮肤毛囊/毛发生物学为核心问题,include,0.95,Hair follicle stem cells and hair regeneration,"The study directly investigates hair follicle stem cell activity and its role in hair regeneration, with hair loss as a central phenotype.",Title mentions 'Stem Cell Activity' and 'Adult Tissue Regeneration' in skin || Summary states SETDB1 ablation leads to hair loss and stem cell exhaustion || Summary describes hair follicle stem cells and progenitors as key cell types || Summary concludes ERV silencing is essential for adult hair regeneration,include || include,include
GSE226579,Stem Cell Activity-Coupled Suppression of Endogenous Retrovirus Governs Adult Tissue Regeneration [RNA-seq],include,include,实验设计明确包含毛囊、头皮、毛周期或相关细胞/样本,include,0.95,hair follicle stem cells and hair regeneration,"The study directly assays hair follicle stem cells and investigates mechanisms of hair regeneration and hair loss, making it central to hair biology.","Title mentions 'Stem Cell Activity' and 'Adult Tissue Regeneration' in the context of hair loss || Summary states 'hair loss and stem cell exhaustion', 'hair follicle stem cells and progenitors', and 'essential for adult hair regeneration' || Overall_Design specifies 'hair follicle stem cells (HF-SCs) from C57BL/6J mice second telogen skin'",include || include,include
GSE273649,HNRNPU is essential for proper murine skin development,include,review,存在毛发相关描述，但缺少足够的研究对象或样本证据,include,0.95,Hair follicle development in murine skin,"The study directly investigates hair follicle development as a primary biological subject, with omics data designed to explain the phenotype.","Summary states loss of Hnrnu resulted in developmental failure of the epidermis and hair follicle. || Overall design compares transcriptome of Hnrnpu-KO epidermis and control epidermis, with hair follicle as a key affected structure.",include || include,review
GSE272815,Helminth protein enhances wound healing by inhibiting fibrosis and promoting tissue regeneration,include,review,存在毛发相关描述，但缺少足够的研究对象或样本证据,include,0.9,Hair follicle regeneration during wound healing,"Hair follicle regeneration is a central endpoint of the study, and the omics experiment is designed to explain it.",Title mentions tissue regeneration || Summary states 'hair follicle regeneration were observed' || Study examines wound healing with hair follicle regeneration as a key outcome,include || include,review
GSE243634,Type 2 cytokine-dependent skin barrier regulation in personalized 2D- and 3D skin models of atopic dermatitis: A pilot study,include,include,实验设计明确包含毛囊、头皮、毛周期或相关细胞/样本,exclude,0.95,Atopic dermatitis inflammation in keratinocytes,"Hair follicle is used solely as a keratinocyte source for an atopic dermatitis model, with no hair biology or alopecia question.","Keratinocytes are isolated from hair follicles only as a non-invasive source, not to study hair biology. || The study focuses on atopic dermatitis inflammatory responses, not hair follicle development, cycling, or alopecia. || Hair follicle is merely a sampling site; the biological question is about skin barrier and AD.",exclude || exclude,review
GSE241061,The IL-33/ST2 axis and tissue Treg maintains epithelial homeostasis in the skin and restrains cancer development,exclude,review,存在毛发相关描述，但缺少足够的研究对象或样本证据,exclude,0.95,Skin homeostasis and cutaneous squamous cell carcinoma,The study examines skin homeostasis and cancer using whole skin biopsies; hair follicles are incidental to the main question and not a primary biological subject or endpoint.,"Title focuses on epithelial homeostasis and cancer development in skin || Summary states investigation of IL-33/ST2 axis in skin homeostasis and cancer || Overall design uses whole skin biopsies for RNA-seq || Hair follicle mentioned only as localization site for Tregs, not as primary subject",exclude || exclude,review
GSE273572,JAK-STAT1 as therapeutic target for EGFR deficiency-associated inflammation and scarring alopecia (scRNA-seq),include,include,实验设计明确包含毛囊、头皮、毛周期或相关细胞/样本,include,0.98,Hair follicle stem cell niche and scarring alopecia,"The study directly assays hair follicle cells and investigates mechanisms of scarring alopecia, making it highly relevant to hair biology and alopecia.",Title mentions scarring alopecia and scRNA-seq of hair follicle || Summary states single-cell RNA sequencing of hair follicle and immune cell compartment || Study investigates EGFR role in hair follicle destruction and JAK-STAT1 in alopecia || Mouse model of epidermal and hair follicle-specific EGFR deletion,include || include,include
GSE273571,JAK-STAT1 as therapeutic target for EGFR deficiency-associated inflammation and scarring alopecia (RNA-seq of HFSC),include,include,实验设计明确包含毛囊、头皮、毛周期或相关细胞/样本,include,0.98,hair follicle stem cells in scarring alopecia,"The study directly assays hair follicle stem cells to investigate mechanisms of scarring alopecia, making it highly relevant to hair biology and alopecia.",Title mentions scarring alopecia and RNA-seq of HFSC || Summary states study focuses on hair follicle stem cell niche and scarring hair follicle destruction || Overall design isolates CD34+ hair follicle stem cells from mouse models,include || include,include
GSE272509,TLR9 activation in large wound induces tissue repair and hair follicle regeneration via γδT cells,include,include,标题以毛囊、毛发生物学或脱发为主要研究主题,include,0.95,hair follicle regeneration in wound healing,"The study investigates hair follicle regeneration as a primary outcome in a wound healing model, making it directly relevant to hair biology.","Title explicitly states 'hair follicle regeneration' || Overall_Design uses dorsal skin from large wounds, a model for studying hair follicle neogenesis || Summary mentions investigating factors influencing TLR9 activation in wounds, which is directly tied to hair follicle regeneration",include || include,include
GSE271100,Stem cells tightly regulate dead cell clearance to maintain tissue fitness [scRNA-seq],include,include,实验设计明确包含毛囊、头皮、毛周期或相关细胞/样本,include,0.95,Hair follicle stem cells as non-professional phagocytes during hair cycle,"The study directly assays hair follicle stem cells across hair cycle stages to investigate their phagocytic function, making hair biology a central subject.","Title mentions stem cells and tissue fitness, but summary explicitly states exploiting hair cycle bouts of regeneration and degeneration || Summary: 'Exploiting the cyclical bouts of tissue regeneration and degeneration during the hair cycle, we show that stem cells can transiently become non-professional phagocytes' || Overall design: 'For each hair cycle stage, wild type hair follicle stem cells (HFSCs) from 3-6 wild type animals were pooled and FACS sorted'",include || include,include
GSE270324,The integrated stress response fine-tunes stem cell fate decisions in response to serine deprivation and tissue injury [RNA-seq],include,include,摘要中多处以皮肤毛囊/毛发生物学为核心问题,include,0.95,Hair follicle stem cell fate decisions during serine deprivation and wound healing,"The study directly assays hair follicle stem cells and investigates their role in hair growth and wound repair, making hair biology a central focus.","Title mentions stem cell fate decisions and tissue injury, with RNA-seq data || Summary explicitly states that hair follicle stem cells (HFSCs) are a primary subject, studying their fate choices between hair regeneration and epidermal repair || Summary describes HFSC-specific loss-of-function studies and temporal single-cell RNA sequencing to investigate serine deprivation effects on HFSCs || Overall design references reanalysis of previous HFSC-related datasets (GSE67404, GSE123913)",include || include,include
GSE270317,The integrated stress response fine-tunes stem cell fate decisions in response to serine deprivation and tissue injury [scRNA-seq],include,include,实验设计明确包含毛囊、头皮、毛周期或相关细胞/样本,include,0.95,Hair follicle stem cell fate decisions during serine deprivation and wound healing,"The study directly assays hair follicle stem cells to investigate their fate decisions in hair growth and wound repair, making hair biology a central subject.","Title mentions stem cell fate decisions in response to tissue injury, with scRNA-seq of hair follicle stem cells || Summary states that hair follicle stem cells (HFSCs) are normally dedicated to hair regeneration and that the study examines how their fate choices are balanced during wound repair || Overall design specifies isolation of mouse hair follicle stem cells from unwounded and wounded conditions for transcriptomic analysis",include || include,include
GSE269455,Humanized CXCL12 Antibody Delays Onset and Modulates Immune Response in Alopecia Areata Mice,include,include,标题以毛囊、毛发生物学或脱发为主要研究主题,include,0.95,Alopecia areata treatment mechanism,"The study directly investigates alopecia areata, a hair-loss disorder, using an AA mouse model and skin samples to understand treatment effects on hair growth.",Title mentions alopecia areata and hair growth || Summary states CXCL12 inhibits hair growth and antibody increases hair growth in AA || Study uses AA mouse model and analyzes dorsal skin || Single-cell RNA-seq performed on skin to investigate molecular mechanisms of AA treatment,include || include,include
GSE247569,The impact of HPV8 on Lrig1+ and CD34+ hair follicle keratinocyte stem cell populations,include,include,实验设计明确包含毛囊、头皮、毛周期或相关细胞/样本,include,0.95,Hair follicle keratinocyte stem cell populations (Lrig1+ and CD34+),"The study directly assays hair follicle stem cell populations (Lrig1+ and CD34+) and investigates their biology in the context of HPV8 infection, making hair follicle cells a primary biological subject.","Title explicitly mentions hair follicle keratinocyte stem cell populations || Summary states investigation of Lrig1+ hair follicle junctional zone KSC proliferation and expansion || Overall design describes transcriptomic analysis of Lrig1+ and CD34+ flow-sorted keratinocytes from dorsal back skin, which are hair follicle stem cell populations",include || include,include
GSE254889,Hair follicles modulate skin barrier function,include,include,实验设计明确包含毛囊、头皮、毛周期或相关细胞/样本,exclude,0.95,skin barrier function after ABCA12 deletion in epidermis,The study focuses on epidermal barrier function and gene expression changes in whole epidermis after ABCA12 deletion; hair follicles are not the primary biological subject or assayed sample.,"Title mentions hair follicles but study design assays separated telogen skin epidermis, not hair follicles. || Summary states the goal is to assess effects of deleting ABCA12 in skin epidermis and identify DEGs upon barrier disruption. || Overall design specifies RNA was isolated from separated telogen skin epidermis, not hair follicle compartments.",exclude || exclude,review
GSE267295,Microneedle-mediated Delivery of Immunomodulators Restores Immune Privilege in Hair Follicles and Reverses Immune-Mediated Alopecia,include,include,标题以毛囊、毛发生物学或脱发为主要研究主题,include,0.95,Alopecia areata treatment via local immunomodulation,"The study directly investigates alopecia areata, a hair-loss disorder, and assays skin lesions to evaluate treatment effects on hair follicles and immune pathways.","Title explicitly mentions restoring immune privilege in hair follicles and reversing immune-mediated alopecia || Summary states Alopecia Areata is the condition studied, with localized hair loss due to autoimmunity || Overall design describes bulk RNA-seq of AA-like skin lesions from treated and untreated groups || Study uses a murine model of immune-mediated alopecia and a humanized skin transplant model to assess hair regrowth",include || include,include
GSE266028,Dermal TRPV1 innervations engage a macrophage and fibroblast containing pathway to activate hair growth [dataset2],include,include,标题以毛囊、毛发生物学或脱发为主要研究主题,include,0.95,Hair follicle regeneration and hair growth,"The study directly investigates hair follicle regeneration and hair growth as a primary endpoint, with omics data from relevant tissue.",Title mentions 'activate hair growth' || Summary states 'triggered new regenerative cycling by dormant hair follicles' || Summary describes 'nociceptor-triggered hair growth' || Overall design includes 'subcutis' which contains hair follicle components,include || include,include
GSE266027,Dermal TRPV1 innervations engage a macrophage and fibroblast containing pathway to activate hair growth [dataset1],include,include,标题以毛囊、毛发生物学或脱发为主要研究主题,include,0.95,Hair follicle regeneration and hair growth,"The study directly investigates hair follicle biology and hair growth as a primary endpoint, using mouse models to examine regenerative cycling.",Title mentions 'activate hair growth' || Summary states 'triggered new regenerative cycling by dormant hair follicles' || Summary describes 'nociceptor-triggered hair growth' || Overall design includes mouse samples for hair growth study,include || include,include
GSE243088,Essential role of macrophages in contact hypersensitivity-induced hair regeneration [DPCP vs control],include,include,标题以毛囊、毛发生物学或脱发为主要研究主题,include,0.95,Hair follicle regeneration induced by contact hypersensitivity,"The study directly investigates hair follicle biology and regeneration, with hair growth as a central endpoint.",Title mentions 'hair regeneration' || Summary states 'direct stimulatory effect on hair follicles to fasten anagen entry' || Overall design uses whole skin samples to study gene expression under DPCP treatment for hair growth,include || include,include
GSE243087,Essential role of macrophages in contact hypersensitivity-induced hair regeneration [Clod vs Encap],include,include,标题以毛囊、毛发生物学或脱发为主要研究主题,include,0.95,Hair follicle regeneration induced by contact hypersensitivity and mediated by macrophages,"The study directly investigates hair follicle biology and hair regeneration, with hair growth as a central endpoint.","Title mentions 'hair regeneration' || Summary states 'stimulatory effect on hair follicles to fasten anagen entry' and 'stimulatory effect on hair growth is mediated by macrophages' || Overall design uses whole skin samples to study gene expression under DPCP treatment, which is used to induce hair growth",include || include,include
GSE206790,Profibrotic subsets of SPP1+ macrophages and POSTN+ fibroblasts contribute to fibrotic scarring in acne keloidalis,include,include,摘要中多处以皮肤毛囊/毛发生物学为核心问题,include,0.95,"Acne keloidalis, a primary scarring alopecia, with focus on fibrotic scarring and hair loss mechanisms","The study directly investigates the pathogenesis of a primary scarring alopecia (acne keloidalis) using scalp biopsies, with findings localized to the hair follicle outer root sheath, making hair biology and alopecia the central subjects.","Title mentions acne keloidalis, a primary scarring alopecia || Summary states AK is a primary scarring alopecia characterized by hair loss || scRNA-seq performed on scalp biopsy specimens of lesional and adjacent non-lesional skin from AK patients || Study identifies cell populations (POSTN+ fibroblasts, SPP1+ macrophages) localized to the outer root sheath of the hair follicle || Therapy with intralesional corticosteroids reduced SPP1 and POSTN expression and lessened AK progression",include || include,include
GSE261101,Quietly hiding: PD-L1 checkpoint expression in melanocyte stem cell quiescence and aging,include,include,实验设计明确包含毛囊、头皮、毛周期或相关细胞/样本,include,0.95,Melanocyte stem cells in hair follicles during quiescence and aging,"The study directly assays melanocyte stem cells within hair follicles and investigates their quiescence dynamics during the hair cycle, making hair biology a central subject.","Title mentions melanocyte stem cell quiescence and aging, which are studied in the context of the hair cycle. || Summary states: 'McSCs appear to leverage this immune checkpoint as a key aspect of their dynamics during the dormant stage of the hair cycle.' || Overall_Design: 'Melanoblasts in the P0.5 dermis are located within developing hair follicles.' || Overall_Design: 'Enrichment for qMcSCs at both the adult and aged timepoints was achieved by isolating KIT+CD45- cells from mouse skin whose hair was in the telogen stage of the hair cycle.' || Overall_Design: 'The telogen stage of the hair cycle was confirmed by the pinkness of the skin.'",include || include,include
GSE254311,Gene expression profile of hair follicle stem cells (HFSCs) isolated from wild type and homozygous Dab2 cKO (Dab2 Fl/Fl) mice at postnatal day 68,include,include,实验设计明确包含毛囊、头皮、毛周期或相关细胞/样本,include,0.95,hair follicle stem cells (HFSCs) and their activation/quiescence,"The study directly assays hair follicle stem cells and investigates their activation and quiescence, which is central to hair biology.",Title explicitly states gene expression profile of hair follicle stem cells (HFSCs) || Summary describes Dab2 expression in hair follicle compartments and its role in HFSC activation and hair follicle cycle initiation || Overall design specifies expression profiling on HFSCs isolated from dorsal skin,include || include,include
GSE231731,Retinoic acid promotes tissue regeneration by resolving stem cell lineage plasticity,include,include,摘要中多处以皮肤毛囊/毛发生物学为核心问题,include,0.95,Hair follicle stem cell behavior during regeneration and wound repair,"The study directly assays hair follicle stem cells and investigates mechanisms of hair regeneration, making it central to hair biology.","Title mentions stem cell lineage plasticity in tissue regeneration, with hair follicle stem cells as the model. || Summary explicitly states use of hair follicle stem cells (HFSCs) and 3D cultures to study signals governing regeneration and plasticity. || Study investigates RA signaling in hair follicle niches and its interaction with WNT/BMP to drive hair regeneration. || In vivo validation for hair growth and wound repair, with therapeutic implications for hair growth.",include || include,include
GSE245774,ASH2L mediates epidermal differentiation and hair follicle morphogenesis via the regulation of the Notch signaling pathway activity,include,include,标题以毛囊、毛发生物学或脱发为主要研究主题,include,0.95,Hair follicle morphogenesis and epidermal differentiation,The study directly addresses hair follicle morphogenesis as a primary biological subject.,Title explicitly states 'hair follicle morphogenesis' || Study investigates ASH2L role in hair follicle development,include || include,include
GSE245772,ASH2L mediates epidermal differentiation and hair follicle morphogenesis via the regulation of the Notch signaling pathway activity [RNA-Seq],include,include,标题以毛囊、毛发生物学或脱发为主要研究主题,include,0.95,Hair follicle morphogenesis and epidermal differentiation,"The study directly investigates hair follicle morphogenesis as a primary biological subject, using RNA-seq on epidermal progenitor cells relevant to hair follicle development.","Title explicitly states 'hair follicle morphogenesis' || Summary mentions conditional knockout in epidermal progenitor cells and analysis of RNA-seq from these cells, which are relevant to hair follicle development || Study investigates role of ASH2L in epidermal development, which includes hair follicle formation",include || include,include
GSE261227,Molecular heterogeneity of quiescent melanocyte stem cells revealed by single-cell RNA-sequencing.,include,include,实验设计明确包含毛囊、头皮、毛周期或相关细胞/样本,include,0.95,quiescent melanocyte stem cells of the hair follicle,"The study directly assays hair follicle melanocyte stem cells, which are a primary biological subject central to hair pigmentation and cycling.",Title: Molecular heterogeneity of quiescent melanocyte stem cells revealed by single-cell RNA-sequencing. || Summary: Melanocyte stem cells (McSCs) of the hair follicle are a rare cell population within the skin... || Overall_Design: Follicular melanocyte stem cells reside in the cellular state of quiescence... essential for the regeneration of hair pigmentation during hair cycling.,include || include,include
GSE255708,Finasteride delays atherosclerosis progression in mice and is associated with a reduction in plasma cholesterol in men,exclude,exclude,毛发/脱发仅作为药物适应证、不良事件、临床表现或次要结局出现,exclude,0.95,atherosclerosis and lipid metabolism,"The study investigates finasteride's effect on atherosclerosis and lipid metabolism, not hair follicle biology or alopecia. Finasteride's use for male-pattern baldness is only mentioned as background context.","Title: Finasteride delays atherosclerosis progression in mice and is associated with a reduction in plasma cholesterol in men || Summary: Evaluates role of finasteride on atherosclerosis using Ldlr-/- mice; RNA-seq on liver to study inflammatory pathways, bile acid metabolism, and cholesterol pathways || Overall_Design: Liver RNA isolated from Ldlr-/- mice fed Western diet with/without finasteride",exclude || exclude,exclude
GSE252536,Effects of cinnamic acid on the hair growth ability of dermal papilla cells,include,include,实验设计明确包含毛囊、头皮、毛周期或相关细胞/样本,include,0.95,human dermal papilla cells and hair growth ability,"The study directly assays human dermal papilla cells, a primary hair follicle cell type, to investigate hair growth ability, meeting inclusion criterion 1.",Title: Effects of cinnamic acid on the hair growth ability of dermal papilla cells || Summary: Treatment with cinnamic acid led to upregulation of G-protein coupled receptor signaling pathway and neuroactive ligand-receptor interaction in human DP cells. || Overall_Design: We annalysed gene expression of human dermal papilla cells with/without 100 Î¼g/mL treatment for 3 days.,include || include,include
GSE254347,Antiviral drugs prolong survival in murine recessive dystrophic epidermolysis bullosa,exclude,exclude,毛发/脱发仅作为药物适应证、不良事件、临床表现或次要结局出现,exclude,0.95,Recessive dystrophic epidermolysis bullosa (RDEB) skin fibrosis,"The study focuses on skin fibrosis in RDEB, with hair loss only noted as a secondary symptom of pruritus reduction; no hair follicle biology or alopecia is assayed.","Title: 'Antiviral drugs prolong survival in murine recessive dystrophic epidermolysis bullosa' || Summary: 'RDEB is a rare inherited skin disease characterized by defects in type VII collagen leading to fibrotic pathologies...' || Summary: '...a decrease in pruritus-induced hair loss' is mentioned as a secondary quality-of-life improvement, not a primary endpoint. || Overall_Design: 'EB samples in triplicate treated with vehicle control (DMSO) or daclatasvir' – samples are from RDEB skin, not hair follicles.",exclude || exclude,exclude
GSE248056,The impact of HPV8 on hair follicle stem cell populations,include,include,标题以毛囊、毛发生物学或脱发为主要研究主题,include,0.95,hair follicle stem cell populations,The study directly investigates hair follicle stem cell populations as a primary biological subject.,"Title explicitly states 'impact of HPV8 on hair follicle stem cell populations' || Organism is Mus musculus, consistent with hair follicle stem cell research",include || include,include
GSE247466,The impact of HPV8 E6 on Lrig1+ hair follicle stem cell populations,include,include,实验设计明确包含毛囊、头皮、毛周期或相关细胞/样本,include,0.95,Lrig1+ hair follicle junctional zone stem cells,"The study directly assays hair follicle stem cells (Lrig1+ junctional zone) as the primary biological subject, investigating their proliferation and expansion.",Title explicitly mentions 'Lrig1+ hair follicle stem cell populations' || Summary states 'HPV8 E6 specifically caused Lrig1+ hair follicle junctional zone KSC proliferation and expansion' || Overall design describes isolation of Lrig1+ confetti+ cells from hair follicle junctional zone for RNA-seq,include || include,include
GSE252889,Smart-seq analysis comparing melanocytes from Spry1flox/flox mice tail epidermis to the melanocytes derived from Spry1 epidermis specific knockout mice tail and back epidermis,include,review,存在毛发相关描述，但缺少足够的研究对象或样本证据,include,0.9,Melanocyte stem cells in hair follicle and their migration to epidermis,"The study directly assays melanocyte stem cells from the hair follicle and investigates their migration, making hair follicle biology a central subject.",Summary states: 'melanocyte stem cells (McSCs) in the hair follicle exit the stem cell niche' || Study investigates McSC behavior in hair follicle after Spry1 knockout || Hair follicle is a primary biological subject as the source of McSCs,include || include,review
GSE156014,Dietary restriction delays but cannot heal irradiation-induced hair graying by preserving hair follicle stem cells in quiescence,include,include,实验设计明确包含毛囊、头皮、毛周期或相关细胞/样本,include,0.98,Hair follicle stem cells and melanoblasts in irradiation-induced hair graying under dietary restriction,"The study directly assays hair follicle stem cells and investigates hair graying, a hair biology phenotype, making it central to a hair follicle omics collection.",Title explicitly mentions hair graying and hair follicle stem cells || Summary states study focuses on hair follicle stem cells (HFSCs) and melanoblasts in hair graying || Overall design profiles CD34+alpha6+ hair follicle stem cells,include || include,include
GSE194373,BMI1 is required for melanocyte stem cell maintenance and hair pigmentation,include,include,标题以毛囊、毛发生物学或脱发为主要研究主题,include,0.95,melanocyte stem cells in hair follicle and hair pigmentation,"The study directly investigates melanocyte stem cells in the hair follicle and their role in hair pigmentation, a core hair biology topic.","Title: BMI1 is required for melanocyte stem cell maintenance and hair pigmentation || Summary: premature hair greying, MeSC loss in hair cycle, melanocyte depletion || Overall_Design: melanocyte stem cells with Bmi1 disruption vs wild-type",include || include,include
GSE229890,Autophagy induces hair follicle stem cell activation and hair follicle regeneration by regulating glycolysis,include,include,实验设计明确包含毛囊、头皮、毛周期或相关细胞/样本,include,0.95,Human hair follicle stem cells and their role in hair growth via autophagy,The study directly assays hair follicle stem cells and investigates a mechanism (autophagy) central to hair follicle biology and regeneration.,Title explicitly states 'hair follicle stem cell activation and hair follicle regeneration' || Summary describes treatment of human hair follicle stem cells with rapamycin to study autophagy in hair growth || Overall design compares gene expression in hair follicle stem cells after autophagy induction,include || include,include
GSE225849,RNA-seq data of human scalp hair follicles following SEP1 phage treatment,include,include,实验设计明确包含毛囊、头皮、毛周期或相关细胞/样本,include,1.0,human scalp hair follicles,"The study directly assays human scalp hair follicles as the primary biological subject, with transcriptomic analysis designed to investigate treatment effects on hair follicles.",Title: RNA-seq data of human scalp hair follicles following SEP1 phage treatment || Summary: Human scalp hair follicles were snapfrozen directly after surgery or organ-cultured in the presence/absence of SEP1 phages || Overall Design: Human anagen VI hair follicles were snap frozen after surgery or organ cultured for 30h in the presence/absence of SEP1 phages,include || include,include
GSE179300,Innate immunity controls hair regeneration and growth via BMP signaling,include,include,实验设计明确包含毛囊、头皮、毛周期或相关细胞/样本,include,0.98,hair follicle stem cells and hair regeneration,"The study directly assays hair follicle stem cells to investigate hair cycle regulation and regeneration, making it central to hair biology.",Title: 'Innate immunity controls hair regeneration and growth via BMP signaling' || Summary: 'TLR2 is enriched in hair follicle stem cells (HFSCs) and its levels change in hair cycle and skin disorders.' || Summary: 'The lack of TLR2 in HFSCs diminishes activation and proliferation of HFSCs markedly prolonging the resting phase of hair cycle.' || Overall_Design: 'Examination of transcriptome changes after TLR2 deletion from murine hair follicle stem cells.',include || include,include
GSE243572,Differential T-cell and monocyte responses in hepatocellular carcinoma treated with regorafenib plus nivolumab: an integrated clinical and biomarker analysis of the phase 2 RENOBATE trial,exclude,exclude,毛发/脱发仅作为药物适应证、不良事件、临床表现或次要结局出现,exclude,0.95,hepatocellular carcinoma immunotherapy response biomarkers,"Alopecia is merely an adverse event; the study's primary subject is hepatocellular carcinoma and its immune response biomarkers, not hair biology or alopecia.",Title indicates hepatocellular carcinoma treated with regorafenib plus nivolumab || Summary states primary endpoint is objective response rate in uHCC || Overall design uses PBMCs from early progressors and long-term responders in RENOBATE trial || Alopecia is listed only as an adverse event (26.2%),exclude || exclude,exclude
GSE242128,MCPIP1 controls effects of myeloid cells on skin carcinogenesis and hair growth,exclude,exclude,标题虽提及毛发/脱发，但实验设计明确指向无关组织或疾病,exclude,0.95,myeloid Mcpip1 in skin carcinogenesis,"Hair growth is mentioned in the title but the study's primary subject is myeloid Mcpip1's role in skin carcinogenesis, with no evidence that hair follicles or alopecia are central to the omics experiment.","Title mentions hair growth but study focus is skin carcinogenesis || Summary describes epidermal proliferation and melanocytic nevi, not hair biology || Overall design profiles skin lesions and adjacent skin, not hair follicles",exclude || exclude,exclude
GSE192797,Thyroid hormone receptor agonist promotes hair growth in mice,include,include,标题以毛囊、毛发生物学或脱发为主要研究主题,include,0.95,Hair growth promotion by thyroid hormone receptor agonist in mouse skin,"The study directly investigates hair growth promotion using a thyroid hormone receptor agonist, with omics data generated from treated skin to elucidate underlying mechanisms.",Title explicitly states 'promotes hair growth in mice' || Study design involves depilation and topical treatment to assess hair growth || RNA-seq performed on skin tissue to identify genes and pathways related to hair growth,include || include,include
GSE220977,Sweat gland development requires an eccrine dermal niche and couples two epidermal programs,exclude,exclude,毛发/脱发仅作为药物适应证、不良事件、临床表现或次要结局出现,include,0.9,Eccrine sweat gland development with comparison to hair follicle transcriptomes,"The study explicitly identifies and analyzes a transcriptome shared with hair follicles, making hair follicle biology a primary subject of the omics experiment.","Summary states: 'We identify two concurrent but disproportionate epidermal transcriptomes in the early eccrine anlagen: one that is shared with hair follicles and one that is En1 dependent and eccrine specific.' || The study directly compares eccrine gland and hair follicle transcriptomes, making hair follicle biology a central component of the analysis.",include || include,review
GSE159827,Symmetry breaking of tissue mechanics in wound induced hair follicle regeneration [scRNA-seq],include,include,标题以毛囊、毛发生物学或脱发为主要研究主题,include,0.95,Wound-induced hair follicle regeneration,"The study directly investigates hair follicle regeneration using a wound-induced model, making hair biology a central endpoint.","Title explicitly states 'wound induced hair follicle regeneration' || Summary describes using WIHN model to study hair formation, periodic hair primordia, and hair follicle regeneration || Overall design mentions single-cell mRNA sequencing of back skin from naïve mice, which is relevant to hair follicle biology",include || include,include
GSE212757,Adipose transcriptome in the scalp of androgenetic alopecia,include,include,实验设计明确包含毛囊、头皮、毛周期或相关细胞/样本,include,0.95,Adipose tissue in androgenetic alopecia scalp,"The study directly investigates androgenetic alopecia, a hair-loss disorder, by profiling adipose tissue from affected scalp, making it relevant to alopecia omics.",Title explicitly states 'Adipose transcriptome in the scalp of androgenetic alopecia' || Summary describes collection of adipose tissue from bald and normal scalp of male participants with androgenetic alopecia || Study aims to identify differentially expressed genes in androgenetic alopecia specifically in the adipose,include || include,include
GSE223884,VDR is an essential regulatory factor in the stage of hair follicle regression through the progression of cell death,include,include,标题以毛囊、毛发生物学或脱发为主要研究主题,include,0.95,Hair follicle regression and VDR role in catagen,"The study directly investigates hair follicle biology, specifically the role of VDR in catagen regression, using scRNA-seq on relevant tissue.",Title explicitly states hair follicle regression and cell death || Summary describes VDR knockout leading to hair cycle arrest at catagen and alopecia || Study uses scRNA-seq on epidermis cells from Vdr knockout mice to investigate hair follicle homeostasis,include || include,include
GSE240637,Spatial transcriptome reveals disturbance of peri-infundibular immune infiltration in androgenetic alopecia,include,include,标题以毛囊、毛发生物学或脱发为主要研究主题,include,0.95,peri-infundibular immune infiltration in androgenetic alopecia,"The study directly profiles a hair follicle-associated compartment in the context of androgenetic alopecia, a primary hair-loss disorder.",Title explicitly mentions androgenetic alopecia and peri-infundibular immune infiltration || Summary states the study investigates molecular signatures of peri-infundibular immune infiltration in AGA || Overall design compares CD45+ peri-infundibular immune infiltration regions from AGA patients vs normal donors,include || include,include
GSE230523,Stem cells tightly regulate dead cell clearance to maintain tissue fitness [Bulk RNA-seq],include,include,实验设计明确包含毛囊、头皮、毛周期或相关细胞/样本,include,0.95,Hair follicle stem cells as non-professional phagocytes during hair cycle,"The study directly assays hair follicle stem cells and investigates their role in phagocytosis during the hair cycle, making hair biology a central subject.","Title mentions stem cells and dead cell clearance, but summary explicitly states exploiting cyclical bouts of tissue regeneration and degeneration during the hair cycle. || Summary: 'we show that stem cells can transiently become non-professional phagocytes when confronted with dying cells' in the context of hair cycle. || Overall design: 'Cultured hair follicle stem cells were FACS-sorted' directly indicates hair follicle stem cells are the assayed sample.",include || include,include
GSE239791,Keratinocyte Wnt5β promotes dermal adipogenesis by simultaneously regulating adipocyte precursor cell conversion and adipogenic signaling,include,include,摘要中多处以皮肤毛囊/毛发生物学为核心问题,include,0.9,Keratinocyte-derived Wnt5β signaling in dermal adipogenesis and hair follicle cycle,"The study directly investigates dermal adipogenesis in relation to the hair follicular cycle, making hair follicle biology a central component of the research question.",Summary states: 'keratinocyte activates dermal adipose tissue (dWAT) differentiation upon hair follicular cycle' || Summary states: 'Foxn1 p.L19M variant that induced the formation of a thicker dWAT regardless of hair follicular cycle' || Summary states: 'dWAT in functions such as... hair follicle growth',include || include,include
GSE229111,Skin-type-dependent development of murine mechanosensory neurons,exclude,exclude,组学对象是感觉神经元/触觉亚型，毛囊仅作为神经支配的解剖背景,exclude,0.95,mechanosensory neuron development,"Hair follicles are only a structural context for lanceolate endings; the study's primary subject is neuronal development, not hair biology or alopecia.",Title: Skin-type-dependent development of murine mechanosensory neurons || Summary: Focus on mechanoreceptor morphogenesis and axonal endings (Meissner corpuscles vs. lanceolate endings) in glabrous vs. hairy skin || Overall_Design: Smart seq of glabrous and hairy skin innervating neurons,exclude || exclude,exclude
GSE233906,Functional interrogation of lymphocyte subsets in alopecia areata using single-cell RNA sequencing,include,include,标题以毛囊、毛发生物学或脱发为主要研究主题,include,0.95,Alopecia areata immune cell landscape,"The study directly investigates alopecia areata, a hair-loss disorder, using single-cell RNA sequencing of skin-infiltrating immune cells from both mouse model and human samples.",Title explicitly states 'alopecia areata' || Summary describes scRNA-seq of skin-infiltrating immune cells from AA mouse model and human AA skin || Study aims to understand immunological mechanisms of AA,include || include,include
GSE232908,Dynamic regulation of chromatin accessibility during melanocyte stem cell activation,include,include,实验设计明确包含毛囊、头皮、毛周期或相关细胞/样本,include,0.95,Melanocyte stem cell activation in hair follicle during hair cycle and UVB exposure,"The study directly assays melanocyte stem cells in hair follicles across hair cycle stages (telogen, anagen) and UVB exposure, making hair follicle biology a central subject.","Title: Dynamic regulation of chromatin accessibility during melanocyte stem cell activation || Summary: sorted melanocyte nuclei from quiescent (telogen) skin, skin actively producing hair shafts (anagen), and skin exposed to UVB || Summary: characterized three melanocyte lineages: quiescent McSCs, activated McSCs, and differentiated melanocytes that co-exist in all three skin conditions || Overall_Design: snATAC-seq from dorsal skin of mice in telogen phase or treated with Nair cream (to induce anagen) or UVB",include || include,include
GSE218854,Role of Atg16L1 in skin biology,include,include,摘要明确说明毛囊/脱发相关组学对象，且未被无关实验设计否定,include,0.95,Role of keratinocyte autophagy in hair follicle stem cell activation,"The study directly investigates hair follicle stem cell activation as a primary endpoint, making it relevant to hair biology.","Summary states: 'identify a crucial role for keratinocyte autophagy in mediating the timing of hair follicle stem cell activation in hair growth' || scRNA-seq performed on total skin, but the central finding concerns hair follicle stem cell activation",include || include,include
GSE236091,The homing of exogenous hair follicle mesenchymal stem cells into hair follicle niches,include,include,实验设计明确包含毛囊、头皮、毛周期或相关细胞/样本,include,0.95,hair follicle mesenchymal stem cells (dermal papilla and dermal sheath cells),"The study directly assays hair follicle-derived cells (DPCs and DSCs) and investigates their homing into hair follicle niches, making it central to hair follicle biology.","Title explicitly states 'hair follicle mesenchymal stem cells' and 'hair follicle niches' || Summary describes study of dermal papilla cells (DPCs) and dermal sheath cells (DSCs), which are hair follicle components || Study aims to understand homing of these cells into hair follicle niches, directly relevant to hair biology",include || include,include
GSE208551,The homing behaviors of hair follicle dermal cells and cell intermigration between hair follicle and perifollicular microenvironment,include,include,实验设计明确包含毛囊、头皮、毛周期或相关细胞/样本,include,0.95,Hair follicle dermal cell homing and perifollicular microenvironment after depilation,"The study directly investigates hair follicle dermal cell homing to the follicle niche, a central hair biology question, using transcriptomics of skin after depilation.",Title explicitly mentions hair follicle dermal cells and their homing behaviors || Summary states that skin depilation increased DPCs and DSCs homing to HF niches || Transcriptome analysis of skin samples after depilation to screen chemokines involved in homing,include || include,include
GSE205075,AR/miR-221/IGF-1 pathway mediates the pathogenesis of androgenetic alopecia,include,include,实验设计明确包含毛囊、头皮、毛周期或相关细胞/样本,include,0.95,miR-221 overexpression in hair follicle dermal papilla and dermal sheath cells in androgenetic alopecia,The study directly assays hair follicle cells (DPCs and DSCs) and investigates androgenetic alopecia pathogenesis.,Title explicitly states 'AR/miR-221/IGF-1 pathway mediates the pathogenesis of androgenetic alopecia' || Summary mentions 'dermal papilla cells (DPCs) and dermal sheath cells (DSCs) of hair follicle' || Overall design: 'effect of miR-221 overexpression on gene expression profile in cultured DPCs and DSCs',include || include,include
GSE235480,Hdac1 and Hdac2 regulate the quiescent state and survival of hair-follicle mesenchymal niche,include,include,实验设计明确包含毛囊、头皮、毛周期或相关细胞/样本,include,0.98,Hair follicle dermal papilla quiescence and survival regulated by Hdac1/2,"The study directly investigates molecular mechanisms in the hair follicle dermal papilla, a core hair biology component, using conditional knockout and transcriptomics.",Title explicitly states regulation of hair-follicle mesenchymal niche || Summary describes dermal papilla as the mesenchymal niche of the hair follicle || Overall design involves ablation of Hdac1/2 in dermal papilla and RNA-seq at multiple hair cycle time points,include || include,include
GSE227784,Single cell analysis of transcriptome and open chromatin reveals the dynamics of hair follicle stem cell aging,include,include,标题以毛囊、毛发生物学或脱发为主要研究主题,include,1.0,hair follicle stem cell aging,"The study directly investigates hair follicle stem cell aging using omics approaches, making it highly relevant to hair biology.",Title explicitly states 'hair follicle stem cell aging' || Study uses single-cell transcriptome and open chromatin analysis on hair follicle stem cells,include || include,include
GSE227783,Single cell analysis of transcriptome and open chromatin reveals the dynamics of hair follicle stem cell aging [scATAC-Seq],include,include,标题以毛囊、毛发生物学或脱发为主要研究主题,include,0.98,hair follicle stem cell aging,"The study directly investigates hair follicle stem cell aging using scATAC-seq, making it central to hair biology.","Title explicitly states 'hair follicle stem cell aging' || Summary mentions 'hair greying and hair loss' as aging traits and 'distinct cellular state changes of individual hair follicle populations' || Overall design uses back skin from aged mice for scATAC-seq, targeting hair follicle cells",include || include,include
GSE227782,Single cell analysis of transcriptome and open chromatin reveals the dynamics of hair follicle stem cell aging [scRNA-Seq],include,include,标题以毛囊、毛发生物学或脱发为主要研究主题,include,0.98,hair follicle stem cell aging,"The study directly investigates hair follicle stem cell aging using single-cell transcriptomics, making it central to hair biology.",Title explicitly states 'hair follicle stem cell aging' || Summary mentions 'hair greying and hair loss' as aging traits and focuses on 'hair follicle lineages' || Overall design indicates scRNA-seq of hair follicle populations from young and aging animals,include || include,include
GSE224010,Plucked scalp hair follicle samples are useful RNA sources for mRNA analysis of genodermatosis-associated genes,include,include,标题以毛囊、毛发生物学或脱发为主要研究主题,include,0.95,Hair follicle RNA as a source for genodermatosis gene expression analysis,"The study directly assays hair follicle samples to evaluate gene expression, making hair follicles a primary biological subject.",Title explicitly states plucked scalp hair follicle samples are used for mRNA analysis || Summary indicates RNA extracted from plucked hair follicles and skin samples for comprehensive RNA sequencing || Overall design includes five pulled scalp hairs from healthy volunteers as a sample source,include || include,include
GSE212674,Transcriptomic landscape of early hair follicle and epidermal development,include,include,标题以毛囊、毛发生物学或脱发为主要研究主题,include,0.95,early hair follicle and epidermal development,The study directly investigates hair follicle development as a primary subject.,Title explicitly states 'Transcriptomic landscape of early hair follicle and epidermal development' || Hair follicle development is a central biological subject,include || include,include
GSE212673,Transcriptomic landscape of early hair follicle and epidermal development [scRNA-seq],include,include,标题以毛囊、毛发生物学或脱发为主要研究主题,include,0.95,Early hair follicle development (hair placode),The study directly profiles hair placode cells to investigate early hair follicle development.,Title: Transcriptomic landscape of early hair follicle and epidermal development || Summary: In-depth transcriptional analysis of mature hair placode || Overall design: placode-enriched scRNA-seq on E14.5 mouse dorsal skin,include || include,include
GSE212652,Transcriptomic landscape of early hair follicle and epidermal development [RNA-seq],include,include,标题以毛囊、毛发生物学或脱发为主要研究主题,include,0.98,early hair follicle development,The study directly assays hair placode cells to investigate early hair follicle development.,Title explicitly states 'early hair follicle and epidermal development' || Summary mentions 'mature hair placode' as a primary sample || Overall design describes isolation of placode-enriched populations from embryonic skin,include || include,include
GSE211948,Gene expression comparison of the bulb region between different time points during bend formation of mouse zigzag hair follicle,include,include,实验设计明确包含毛囊、头皮、毛周期或相关细胞/样本,include,0.95,Hair follicle bulb region during zigzag hair bend formation,"The study directly assays the hair follicle bulb region to investigate molecular mechanisms of hair shaft morphogenesis, which is a core hair biology question.",Title explicitly states gene expression comparison of the bulb region during bend formation of mouse zigzag hair follicle || Summary describes microdissection of the entire bulb region from adult mouse zigzag hair follicle || Study design focuses on time points after induction of hair regeneration to identify genes upregulated at bend formation,include || include,include
GSE185117,RNA-seq for miR-205 inducible hair follicle stem cells and ScRNAseq for miR-205 inducible back skin samples,include,include,标题以毛囊、毛发生物学或脱发为主要研究主题,include,0.95,miR-205 inducible hair follicle stem cells and back skin,"The study directly assays hair follicle stem cells, making it relevant to hair biology.",Title explicitly mentions 'hair follicle stem cells' || Title mentions 'miR-205 inducible back skin samples' in context of hair follicle stem cells || scRNA-seq data type suggests single-cell analysis of hair follicle stem cells,include || include,include
GSE185116,Transcriptome analysis in hair follicle stem cells after miR-205 induction in mouse,include,include,实验设计明确包含毛囊、头皮、毛周期或相关细胞/样本,include,1.0,hair follicle stem cells,"The study directly assays hair follicle stem cells to investigate hair growth promotion, making hair biology the central subject.",Title: Transcriptome analysis in hair follicle stem cells after miR-205 induction in mouse || Summary: miR-205 can promote hair growth; study aims to identify direct targets of miR-205 in hair follicle stem cells and determine how miR-205 promotes hair growth by activating hair follicle stem cell || Overall Design: Examination of transcriptome in hair follicle stem cells extracted from mouse adult back skin after 2-day miR-205 induction,include || include,include
GSE185115,Single cell RNA-seq analysis of mouse miR-205 inducible adult back skin,include,include,摘要明确说明毛囊/脱发相关组学对象，且未被无关实验设计否定,include,0.95,miR-205 role in hair growth using mouse back skin scRNA-seq,"The study directly investigates hair growth promotion by miR-205 using single-cell transcriptomics of skin cells, making hair biology the central question.","Summary states miR-205 can promote hair growth || Goal is to determine how miR-205 promotes hair growth at single cell level || Samples are epithelial and dermal cells from mouse adult back skin, relevant to hair follicle biology",include || include,include
GSE227204,Identification of potential non-invasive biomarkers for diagnosing patients with methamphetamine use disorder,include,include,实验设计明确包含毛囊、头皮、毛周期或相关细胞/样本,include,0.95,Hair follicle cells as a source of biomarkers for methamphetamine use disorder,"Hair follicle cells are the primary biological sample assayed, making hair follicle biology central to the study design.",Summary states: 'RNA sequencing analysis was performed to profile transcripts from hair follicle cells of healthy controls and patients with MUD' || Overall design: 'RNA samples were extracted from hair follicles for 33 current patients...' || Hair follicle cells are the directly assayed sample,include || include,include
GSE161296,High fat diets rich in fish oil promote hair loss via epidermal fatty acid binding-mediated immunoregulation,include,include,标题以毛囊、毛发生物学或脱发为主要研究主题,include,0.95,Hair loss and hair follicle stem cell activity in response to dietary fats,"The study directly investigates hair loss as a primary endpoint, with omics data designed to elucidate mechanisms affecting hair follicle stem cells.","Title explicitly states 'promote hair loss' || Summary describes hair loss as primary phenotype, with mechanistic focus on hair follicle stem cell inhibition by immune cells || Overall design includes groups to study hair loss phenotype",include || include,include
GSE229631,A distinct CD8+ T cell subset derived from virtual memory T cells causes alopecia areata through innate-like cytotoxicity,include,include,标题以毛囊、毛发生物学或脱发为主要研究主题,include,0.95,alopecia areata,"The study's primary disease under investigation is alopecia areata, a hair-loss disorder, making it directly relevant to the collection.",Title explicitly states 'causes alopecia areata' || Study investigates a CD8+ T cell subset in the context of alopecia areata,include || include,include
GSE229581,A distinct CD8+ T cell subset derived from virtual memory T cells causes alopecia areata through innate-like cytotoxicity [scRNA-seq],include,include,实验设计明确包含毛囊、头皮、毛周期或相关细胞/样本,include,0.95,CD8+ T cell subset causing alopecia areata,"Alopecia areata is the primary disease under study, and the omics experiment is designed to explain its immunological mechanism.",Title explicitly states 'causes alopecia areata' || Summary describes identification of a T-cell subset that causes alopecia areata in mice || Overall design mentions scRNA-seq data for alopecia areata and naïve mice,include || include,include
GSE229145,A distinct CD8+ T cell subset derived from virtual memory T cells causes alopecia areata through innate-like cytotoxicity [RNA-seq],include,include,实验设计明确包含毛囊、头皮、毛周期或相关细胞/样本,include,0.95,CD8+ T cell subset causing alopecia areata,"Alopecia areata is the primary disease under study, and the omics experiment is designed to characterize the pathogenic T-cell subset causing it.",Title explicitly states 'causes alopecia areata' || Summary describes identification of a T-cell subset that causes alopecia areata in mice || Overall design mentions 'spontaneous and adoptive transferred alopecia areata mice',include || include,include
GSE212450,Integrated single-cell chromatin and transcriptomic analyses of human scalp reveal etiological insights into genetic risk for hair and skin disease,include,include,标题以毛囊、毛发生物学或脱发为主要研究主题,include,0.95,Human scalp single-cell chromatin and transcriptomic analysis for hair and skin disease genetics,"The study directly profiles human scalp tissue to investigate genetic risk for hair disease, making hair biology a primary subject.","Title explicitly states 'human scalp' and 'hair and skin disease' || Study integrates single-cell chromatin and transcriptomic data from scalp tissue, which contains hair follicles || Aims to reveal etiological insights into genetic risk for hair disease",include || include,include
GSE212448,Integrated single-cell chromatin and transcriptomic analyses of human scalp reveal etiological insights into genetic risk for hair and skin disease [scATAC-Seq],include,include,实验设计明确包含毛囊、头皮、毛周期或相关细胞/样本,include,0.98,Human scalp chromatin accessibility in healthy and alopecia areata patients,"The study directly profiles scalp tissue from alopecia areata patients and healthy controls, making hair follicle biology and alopecia the primary subjects.",Title mentions 'human scalp' and 'hair and skin disease' || Summary states mapping chromatin accessibility in human scalp samples from healthy and alopecia areata patients || Overall design includes punch biopsies from alopecia areata patients and healthy controls,include || include,include
GSE212447,Integrated single-cell chromatin and transcriptomic analyses of human scalp reveal etiological insights into genetic risk for hair and skin disease [scRNA-Seq],include,include,实验设计明确包含毛囊、头皮、毛周期或相关细胞/样本,include,0.95,Human scalp tissue in healthy and alopecia areata conditions,"The study directly assays scalp tissue from alopecia areata patients and healthy controls, focusing on hair and skin disease etiology.","Title mentions 'human scalp' and 'hair and skin disease' || Summary states mapping of chromatin accessibility and gene expression in human scalp samples from healthy patients and patients with alopecia areata || Overall design includes punch biopsies from healthy controls and alopecia areata patients, and discarded normal peripheral surgical tissue from scalp",include || include,include
GSE230514,Repurposing DPP4-Inhibition to Improve Hair Follicle Activation and Regeneration,include,include,标题以毛囊、毛发生物学或脱发为主要研究主题,include,0.95,Hair follicle activation and regeneration,"The study directly investigates hair follicle biology and alopecia, with omics experiments designed to understand hair follicle activation and regeneration.","Title explicitly states 'Improve Hair Follicle Activation and Regeneration' || Summary describes hair follicle growth arrest, loss, and alopecia as central topics || Study investigates DPP4 inhibition to promote hair follicle anagen and regeneration || Experiments involve murine skin with focus on hair follicle biology",include || include,include
GSE220948,Vitamin D inhibition of metastasis and oxidative stress in osteosarcoma,exclude,exclude,研究对象明确属于其他器官/疾病，未发现毛囊相关样本证据,exclude,0.95,osteosarcoma cell migration and EMT,"The study's primary subject is osteosarcoma metastasis and EMT; the hair follicle stem cell experiment is a supporting model, not the central biological question or assayed sample.","Title: 'Vitamin D inhibition of metastasis and oxidative stress in osteosarcoma' || Summary: primary focus is osteosarcoma cell lines MG63 and LM7, EMT, and metastasis || Hair follicle stem cell experiment is a secondary in vivo model to support general cell migration findings, not the primary subject",exclude || exclude,exclude
GSE224433,An ERK-dependent molecular switch antagonizes fibrosis and promotes regeneration in spiny mice (Acomys),include,review,存在毛发相关描述，但缺少足够的研究对象或样本证据,include,0.9,Hair follicle neogenesis during wound regeneration,"Hair follicle neogenesis is a central endpoint of the study, and the omics experiment is designed to explain regenerative mechanisms that include hair follicle formation.","Summary states: 'By ectopically activating ERK in Mus injuries, a pro-regenerative response was induced, including cell proliferation, extracellular matrix remodeling and hair follicle neogenesis.' || The study uses scRNA-seq to investigate regenerative healing, with hair follicle neogenesis as a key endpoint.",include || include,review
GSE202583,IRX5 promotes DNA damage repair and activation of hair follicle stem cells (hfsc),include,include,实验设计明确包含毛囊、头皮、毛周期或相关细胞/样本,include,0.98,Hair follicle stem cell activation and DNA damage repair,The study directly assays hair follicle stem cells and investigates their activation and role in hair cycle initiation.,Title explicitly states 'hair follicle stem cells (hfsc)' || Summary describes Irx5-/- mice with delayed anagen onset and diminished HFSC proliferation || Overall_Design details isolation of HFSC (Ly-6A/E- CD34+ CD45f+) for bulk RNA-seq,include || include,include
GSE112722,Single-cell transcriptome analysis of cells in mouse hairy melanocytic nevi,include,include,摘要明确说明毛囊/脱发相关组学对象，且未被无关实验设计否定,include,0.95,Hair follicle stem cells and hair cycle states in hairy melanocytic nevi,"The study directly assays hair follicle bulge stem cells and examines hair cycle states (anagen/telogen), making hair biology a primary subject.","Title mentions 'hairy melanocytic nevi' and study includes hair follicle cells. || Summary states cells were collected when WT hair follicles are in anagen or telogen. || Cell types include bulge stem cells, which are hair follicle stem cells. || Overall design involves profiling skin cell types in normal vs hairy nevus mouse model.",include || include,include
GSE111999,Transcriptome analysis of cells in mouse hairy melanocytic nevi,include,include,实验设计明确包含毛囊、头皮、毛周期或相关细胞/样本,include,0.95,Hair follicle cell types in hairy melanocytic nevi,"The study directly assays multiple hair follicle cell populations (bulge stem cells, dermal papilla, hair germ) and examines them in the context of hair cycle stages, making hair biology a central subject.","Title mentions 'hairy melanocytic nevi' and transcriptome analysis of cells || Summary explicitly states profiling of hair follicle cell types: bulge stem cells, dermal papilla, secondary hair germ || Study design includes hair cycle time points (anagen P30, telogen P56) || Overall design mentions 'hair follicle cell types'",include || include,include
GSE211381,"""Alk1 acts in non-endothelial VE-cadherin+ perineurial cells to maintain nerve branching during hair homeostasis"" and ""Blood endothelial ALK1-BMP4 signaling axis regulates adult hair follicle stem cell activation""",include,include,实验设计明确包含毛囊、头皮、毛周期或相关细胞/样本,include,0.9,"VE-cadherin+ perineurial and endothelial cells in adult mouse back skin during hair cycle stages, with focus on hair follicle stem cell activation","The study's primary focus is on hair follicle stem cell activation and hair homeostasis, with direct profiling of relevant cell populations across hair cycle stages.","Title mentions 'hair homeostasis' and 'hair follicle stem cell activation' || Summary states investigation of Alk1 role in VE-cadherin lineages during adult skin homeostasis, with samples collected at telogen and anagen stages || Overall design includes telogen and anagen stages, which are key hair cycle phases || Study directly assays cells from back skin involved in hair follicle regulation",include || include,include
GSE223723,Blood endothelial Alk1-BMP4 signaling axis ensures adult hair follicle stem cell timely activation,include,include,实验设计明确包含毛囊、头皮、毛周期或相关细胞/样本,include,0.95,Hair follicle stem cell activation regulated by endothelial Alk1-BMP4 signaling,"The study directly assays hair follicle stem cells (bulge cells) to investigate their activation, making hair follicle biology the central subject.",Title explicitly states 'hair follicle stem cell timely activation' || Summary indicates gene expression changes in hair follicle stem cells (bulge cells) after perturbing vascular niche || Overall design profiles PD20 bulge cells from mouse skin with endothelial Alk1 knockout,include || include,include
GSE226232,TNF-α-Activated Adipose–Derived Stem Cells Improve the Angiogenesis of Full-Thickness Skin Grafts Through the TNF-α/NF-κB Signaling Pathway,exclude,review,存在毛发相关描述，但缺少足够的研究对象或样本证据,exclude,0.95,TNF-α-activated adipose-derived stem cells and their angiogenic paracrine effects,"The study's primary subject is adipose-derived stem cells and their role in angiogenesis for skin graft survival. Hair follicles are merely a downstream beneficiary of improved graft vascularization, not a central biological subject or assayed sample.","Title focuses on adipose-derived stem cells and angiogenesis in skin grafts. || Summary states the study is about improving skin graft survival via ADSC-mediated angiogenesis. || Overall design compares gene expression in TNF-α-activated ADSCs vs. control ADSCs. || Hair follicles are mentioned only as a tissue component that benefits from improved graft survival, not as a primary subject or assayed sample.",exclude || exclude,review
GSE196677,Single-cell transcriptomics reveals natural product Shi-Bi-Man promotes hair regeneration,include,include,实验设计明确包含毛囊、头皮、毛周期或相关细胞/样本,include,0.95,Hair follicle regeneration promoted by natural product Shi-Bi-Man,"The study directly investigates hair follicle biology and regeneration, with omics data from relevant cell types, making it central to a hair biology collection.",Title explicitly states 'promotes hair regeneration' || Summary describes hair growth observation in shaved mice || Single-cell RNA-seq focused on hair follicle stem cells and dermal papilla cells || Study explores mechanisms of hair growth promotion and potential alopecia therapy,include || include,include
GSE195657,Single nucelus RNA sequencing of 14 week EGA fetal skin,include,review,存在毛发相关描述，但缺少足够的研究对象或样本证据,include,0.9,fetal skin regional differences in hair follicle vs. dermatoglyph production,"The study directly compares hair follicle-producing skin to other skin regions, making hair follicle biology a central subject.",Title: Single nucleus RNA sequencing of 14 week EGA fetal skin || Summary: specifically as related to the distinction between hair follicle producing and dermatoglyph producing skin,include || include,review
GSE184346,SCD1 Modulates the Skin Homeostasis via Sustaining Hemidesmosomes,include,include,摘要中多处以皮肤毛囊/毛发生物学为核心问题,include,0.95,Hair follicle stem cell niche and hair growth regulation by SCD1,"The study directly investigates hair follicle stem cell niche, bulge formation, and hair growth, making it central to hair biology.","Summary states SCD1 regulates hair follicle stem cells (HFSCs) and bulge formation || Study investigates hair growth abnormalities in SCD1 deletion mice || Mechanistic focus on outer root sheath, bulge, and HFSC activity || Overall design uses epidermal cells from mice at postnatal stages relevant to hair follicle development",include || include,include
GSE94237,JAK inhibition in human CD8+ T-cells and C3H/HeJ Mice with Alopecia Areata In Vivo,include,include,标题以毛囊、毛发生物学或脱发为主要研究主题,include,0.95,Alopecia Areata,"The study directly investigates alopecia areata, a primary hair-loss disorder, using an in vivo mouse model.",Title mentions 'Alopecia Areata' || Title mentions 'C3H/HeJ Mice with Alopecia Areata In Vivo' || Alopecia Areata is a hair-loss disorder,include || include,include
GSE94236,Effect of systemic exposure of JAK1 Inhibition (AZ13748709) in C3H/HeJ Mice with Alopecia Areata In Vivo,include,include,实验设计明确包含毛囊、头皮、毛周期或相关细胞/样本,include,0.95,Alopecia areata treatment with JAK1 inhibitor,"The study directly investigates alopecia areata and hair growth restoration, making it central to a hair biology/alopecia collection.",Title explicitly states study on Alopecia Areata in mice || Summary describes restoration of hair growth and resolution of inflammation in AA model || Overall design includes Alopecia group and evaluates hair growth and ALADIN score,include || include,include
GSE94235,Selective Janus kinase 1 inhibition resolves inflammation and restores hair growth offering a viable treatment option for alopecia areata,include,include,标题以毛囊、毛发生物学或脱发为主要研究主题,exclude,0.95,In vitro stimulated CD8+ T-cells from healthy donors treated with JAK inhibitors,"The study assays in vitro stimulated healthy donor T-cells to compare JAK inhibitors, with alopecia areata only as a background indication; no hair follicle or alopecia patient samples are profiled.","Samples are peripheral blood CD8+ T-cells from healthy donors, not from alopecia patients or hair follicle tissue. || The study design focuses on comparing JAK inhibitor effects on immune cell gene expression, not on hair growth or alopecia disease mechanisms. || Alopecia areata is mentioned as the therapeutic context, but the actual experiment does not assay hair follicles or alopecia patient samples.",exclude || exclude,review
GSE203051,Single cell RNA-seq analysis for mouse activated melanocyte stem cells and mature melanocytes,include,include,实验设计明确包含毛囊、头皮、毛周期或相关细胞/样本,include,0.95,Melanocyte stem cells and mature melanocytes in hair follicles,"The study directly assays hair follicle melanocyte stem cells and mature melanocytes in the context of the hair cycle, making hair biology the central subject.",Title: Single cell RNA-seq analysis for mouse activated melanocyte stem cells and mature melanocytes || Summary: compared transcriptomics of mouse melanocyte stem cells at activation stage of hair cycle (anagen onset) and mature melanocytes from hair bulb || Overall design: activated melanocyte stem cells isolated from anagen II hair follicles; differentiated melanocytes isolated from hair bulb of anagen VI hair follicles,include || include,include
GSE193920,Local IL-17 orchestrates skin aging,include,review,存在毛发相关描述，但缺少足够的研究对象或样本证据,include,0.9,Skin aging with focus on hair follicle stem cell activation and hair shaft regeneration,"The study explicitly investigates hair follicle stem cell activation and hair shaft regeneration as central outcomes of IL-17 signaling in skin aging, making it directly relevant to hair biology.","Summary states: 'IL-17 neutralization significantly delays the appearance of age-related traits, such as decreased epidermal thickness, increased cornified layer thickness and ameliorated hair follicle stem cell activation and hair shaft regeneration.' || The study directly assays hair follicle stem cell activation and hair shaft regeneration as key endpoints of the aging phenotype.",include || include,review
GSE142095,Isolated of dermal papilla cells from follicular unit extraction,include,include,实验设计明确包含毛囊、头皮、毛周期或相关细胞/样本,include,0.95,Dermal papilla cells from human hair follicles,"The study directly assays dermal papilla cells, a primary hair follicle compartment, making it central to hair biology.",Title: Isolated of dermal papilla cells from follicular unit extraction || Summary: Hair follicles were originally obtained... Dermal papilla cells were freshly isolated or traditionally isolated and cultured... Freshly-isolated DPCs and cultured DPCs were sequenced || Overall_Design: DPCs were isolated from human dermal papilla and cultured,include || include,include
GSE198657,"Innate type 2 immunity controls hair follicle commensalism by Demodex mites [IL-4, IL-13]",include,include,标题以毛囊、毛发生物学或脱发为主要研究主题,include,0.95,Hair follicle biology and Demodex mite commensalism,"The study directly investigates hair follicle biology, specifically the immune control of Demodex mite colonization and its impact on hair follicle integrity and cycling.",Title explicitly mentions hair follicle commensalism by Demodex mites || Summary states Demodex mites are obligate commensal parasites of hair follicles || Study investigates mechanisms controlling mite colonization of hair follicles || IL-13 treatment effects on hair follicle and epithelial cell proliferation are assessed || Hair follicle exhaustion is a key outcome,include || include,include
GSE212791,DNA dioxygenases Tet2/3 control epithelial differentiation (bisulfite-seq),include,include,摘要明确说明毛囊/脱发相关组学对象，且未被无关实验设计否定,include,0.95,Hair follicle epithelial cells and hair shape/length regulation by Tet2/3,"The study directly investigates hair follicle epithelial cell differentiation and hair growth control, making it a primary hair biology dataset.","Title mentions epithelial differentiation and bisulfite-seq, with summary explicitly stating Tet2/3 ablation in skin epithelial cells leads to hair shape/length alterations and hair loss. || Summary describes control of Dlx3/Krt25/Krt28 axis in hair follicle epithelial cells, indicating hair follicle biology is central. || Overall design describes WGBS on sorted cells, consistent with studying DNA methylation in hair follicle epithelial cells.",include || include,include
GSE202086,IRX5 promotes DNA damage repair and activation of hair follicle stem cells [NHEK RNA-Seq],exclude,exclude,标题虽提及毛发/脱发，但实验设计明确指向无关组织或疾病,include,0.95,Hair follicle stem cell activation and DNA damage repair,"The study's central question is hair follicle stem cell activation and hair cycle initiation, making it directly relevant to hair biology.",Title mentions 'hair follicle stem cells' || Summary states 'IRX5 as a promoter of HFSC activation' and describes hair cycle phenotypes in Irx5-/- mice || Study investigates mechanisms of HFSC quiescence and anagen entry,include || include,review
GSE202076,IRX5 promotes DNA damage repair and activation of hair follicle stem cells,include,include,标题以毛囊、毛发生物学或脱发为主要研究主题,include,0.95,Hair follicle stem cells,"The study directly focuses on hair follicle stem cell biology, making it relevant to hair follicle omics.",Title explicitly states 'activation of hair follicle stem cells' || Study investigates IRX5 in DNA damage repair and activation of hair follicle stem cells,include || include,include
GSE202075,IRX5 promotes DNA damage repair and activation of hair follicle stem cells [nhek_d],exclude,exclude,标题虽提及毛发/脱发，但实验设计明确指向无关组织或疾病,exclude,0.95,Normal Human Epidermal Keratinocytes (NHEK) from neonatal foreskin,"The assayed samples are normal human epidermal keratinocytes from foreskin, not hair follicle cells or alopecia-related tissue. The experiment does not directly assay hair follicle biology.","Samples are NHEK from neonatal foreskin, not hair follicle cells. || The study uses siRNA knockdown of IRX factors in NHEK, not in hair follicle stem cells. || The overall design describes keratinocyte culture and calcium-induced differentiation, unrelated to hair follicle biology. || The title mentions hair follicle stem cells, but the actual experiment is on epidermal keratinocytes.",exclude || exclude,exclude
GSE201884,IRX5 promotes DNA damage repair and activation of hair follicle stem cells [ms_epidermis],include,include,标题以毛囊、毛发生物学或脱发为主要研究主题,include,0.95,Hair follicle stem cell activation and hair cycle initiation,"The study directly investigates hair follicle stem cell activation and hair cycle regulation, making it central to hair biology.","Title mentions hair follicle stem cells || Summary states Irx5 promotes HFSC activation and hair cycle initiation || Study investigates anagen delay and HFSC proliferation || Samples are whole epidermis from postnatal mice, relevant to hair follicle biology",include || include,include
GSE215133,Progenitor-derived endothelin controls dermal sheath contraction for hair follicle regression,include,include,实验设计明确包含毛囊、头皮、毛周期或相关细胞/样本,include,0.95,Dermal sheath contraction and hair follicle regression,"The study directly investigates the mechanism of dermal sheath contraction during hair follicle regression, with RNA-seq performed on sorted hair follicle mesenchymal populations.","Title explicitly mentions dermal sheath contraction and hair follicle regression || Summary describes progenitor-derived endothelin controlling dermal sheath contraction for hair follicle regression || Overall design includes FACS-sorted dermal sheath, dermal papilla, and dermal fibroblasts from mouse back skin during early catagen",include || include,include
GSE185087,RNA sequencing of slow-and fast-cycling epidermal stem cells vs hair follicle stem cells in young vs old mice,include,include,实验设计明确包含毛囊、头皮、毛周期或相关细胞/样本,include,0.95,Hair follicle stem cells and epidermal stem cells during aging,Hair follicle stem cells are a primary biological subject directly assayed in the study.,Title explicitly mentions hair follicle stem cells || Summary states comparison of hair follicle stem cells (HFSC) transcriptomes across ages || Overall design includes hair follicle stem cells as a profiled population,include || include,include
GSE184866,RNA-seq of 3D-culture balding and non-balding dermal papilla cells,include,include,实验设计明确包含毛囊、头皮、毛周期或相关细胞/样本,include,1.0,balding vs non-balding dermal papilla cells in androgenetic alopecia,"The study directly assays dermal papilla cells, a primary hair follicle cell type, to investigate androgenetic alopecia pathogenesis.","Title: RNA-seq of 3D-culture balding and non-balding dermal papilla cells || Summary: Androgenetic alopecia (AGA, male patterned baldness) is a prevalent hair loss condition... we cultured immortalised balding human dermal papilla cells (BAB) and immortalised non-balding human dermal papilla cells (BAN)... compared gene expression using RNA-seq between BAB and BAN cells. || Overall_Design: Examination of transcriptome difference between immortalised balding human dermal papilla cells (BAB) and immortalised non-balding human dermal papilla cells (BAN)",include || include,include
GSE184501,RNA-seq of 2D-culture balding and non-balding dermal papilla cells,include,include,实验设计明确包含毛囊、头皮、毛周期或相关细胞/样本,include,0.95,balding vs non-balding dermal papilla cells in androgenetic alopecia,Directly assays dermal papilla cells from balding and non-balding scalp to study androgenetic alopecia pathogenesis.,Title: RNA-seq of 2D-culture balding and non-balding dermal papilla cells || Summary: compares immortalised balding human dermal papilla cells (BAB) and immortalised non-balding human dermal papilla cells (BAN) to elucidate genes involved in AGA pathogenesis || Overall_Design: transcriptome difference between BAB and BAN under DHT treatment,include || include,include
GSE213603,Ox40-Cre-mediated deletion of BRD4 reveals an unexpected phenotype of hair follicle stem cells in alopecia,include,include,实验设计明确包含毛囊、头皮、毛周期或相关细胞/样本,include,0.98,Hair follicle stem cells in alopecia,The study directly assays hair follicle stem cells to investigate mechanisms of impaired hair regeneration in alopecia.,Title explicitly mentions hair follicle stem cells and alopecia || Summary states FACS-sorted HFSCs from mice to study impaired hair regeneration || Overall design compares HFSCs from Brd4-deleted and control mice across postnatal days,include || include,include
GSE212823,DNA dioxygenases Tet2/3 control epithelial differentiation [RNA-seq],include,include,实验设计明确包含毛囊、头皮、毛周期或相关细胞/样本,include,0.95,Hair follicle epithelial differentiation and hair shape/length control by Tet2/3,"The study directly assays hair matrix keratinocytes to understand molecular control of hair shape and growth, making hair follicle biology the central subject.","Title mentions epithelial differentiation, and summary explicitly states Tet2/3 ablation leads to altered hair shape, length, and hair loss. || Samples are sorted hair matrix keratinocytes from mouse skin at P4.5. || Study investigates Dlx3/Krt25/Krt28 axis in hair follicle epithelial cells and proposes modulation of DNA methylation for hair growth control.",include || include,include
GSE212301,A novel Long non-coding RNA AL136131.3 inhibits hair growth through mediating glycolysis in androgen alopecia,include,include,实验设计明确包含毛囊、头皮、毛周期或相关细胞/样本,include,0.95,Hair follicle biology in androgenetic alopecia,"The study directly assays hair follicles from alopecia patients to investigate hair growth mechanisms, making it central to hair biology and alopecia.",Title explicitly mentions hair growth and androgen alopecia || Summary states key changes are limited to hair follicles in AGA || Samples are paired vertex and occipital hair follicles from AGA donors || Study aims to uncover lncRNA indicators for AGA and mechanism in hair growth,include || include,include
GSE183831,mRNA sequencing of skins isolated from B6;129S4-Npytm2Rpa/J homozygous mice and wildtype litter mates reveals transcriptomic changes indicative of skin inflammation associated with Npy overexpression.,exclude,review,存在毛发相关描述，但缺少足够的研究对象或样本证据,include,0.9,"NPY overexpression effects on skin, including hair graying and hair follicle melanocyte stem cell depletion","The study directly investigates hair graying caused by melanocyte stem cell depletion in hair follicles, making hair biology a central endpoint.","Summary states 'premature and progressive hair graying secondary to depletion of melanocyte stem cells within hair follicles' || Study uses a mouse model with skin-specific NPY overexpression that affects hair pigmentation || RNA-seq of whole skin from these mice is used to investigate transcriptomic changes related to skin inflammation, which is linked to the hair graying phenotype",include || include,review
GSE197983,Innate type 2 immunity controls hair follicle commensalism by Demodex mites,include,include,标题以毛囊、毛发生物学或脱发为主要研究主题,include,0.95,hair follicle commensalism by Demodex mites,The study directly investigates hair follicle biology in the context of commensal mite interactions.,Title explicitly states 'hair follicle commensalism by Demodex mites' || Study investigates innate type 2 immunity controlling hair follicle commensalism,include || include,include
GSE197982,Innate type 2 immunity controls hair follicle commensalism by Demodex mites [2021],include,include,标题以毛囊、毛发生物学或脱发为主要研究主题,include,0.95,Hair follicle commensalism by Demodex mites and immune control,"The study directly investigates hair follicle biology, focusing on immune control of Demodex mite colonization and its impact on hair follicle cycling and integrity.",Title explicitly states 'hair follicle commensalism' || Summary describes Demodex as obligate commensal parasites of hair follicles || Study investigates mechanisms restricting Demodex outgrowth in hair follicles || Experiments involve sorting cells from skin to study hair follicle biology || ILC2s and IL-13 are shown to control hair follicle epithelial proliferation,include || include,include
GSE197981,Innate type 2 immunity controls hair follicle commensalism by Demodex mites [2019],include,include,标题以毛囊、毛发生物学或脱发为主要研究主题,include,0.95,Hair follicle commensalism by Demodex mites and immune control,"The study directly investigates hair follicle biology, focusing on immune control of Demodex mite colonization and its impact on hair follicle epithelial proliferation and integrity.","Title mentions hair follicle commensalism || Summary states Demodex mites are obligate commensal parasites of hair follicles || Study investigates mechanisms restricting Demodex outgrowth in hair follicles || ILC2s and IL-13 control hair follicle epithelial proliferation and integrity || Overall design uses back skin, which contains hair follicles, to sort cells for RNA-seq",include || include,include
GSE186075,Primary cicatricial alopecias are characterized by dysregulation of shared gene expression pathways,include,include,标题以毛囊、毛发生物学或脱发为主要研究主题,include,0.95,"Primary cicatricial alopecias (LPP, FFA, CCCA) molecular signatures in scalp biopsies","The study directly investigates alopecia (primary cicatricial alopecia) as the primary disease, using scalp biopsies as the assayed tissue to define gene expression signatures.",Title explicitly states study of primary cicatricial alopecias || Summary describes RNA-seq on scalp biopsies of PCA patients to investigate molecular signatures || Overall design confirms high-throughput RNA-sequencing on scalp biopsies of PCA patients,include || include,include
GSE193269,Comparative spatial transcriptomic and single-cell analyses of human nail units and hair follicles demonstrate transcriptional similarities between the onychodermis and follicular dermal papilla,include,include,标题以毛囊、毛发生物学或脱发为主要研究主题,include,0.95,"Comparative transcriptomics of nail units and hair follicles, focusing on mesenchymal populations (onychodermis and dermal papilla) and their signaling roles.","The study directly investigates hair follicle dermal papilla and its transcriptional similarity to nail onychodermis, making hair follicle biology a primary subject.","Title explicitly compares human nail units and hair follicles, indicating hair follicle is a primary subject. || Summary states that onychodermis and follicular dermal papilla share WNT and BMP signaling, directly studying hair follicle biology. || Study uses spatial transcriptomic and single-cell analyses, which likely include hair follicle samples. || The research aims to understand similarities between nail and hair follicle mesenchymal compartments, making hair follicle a central biological subject.",include || include,include
GSE201445,Next generation sequence analysis of cells derived from mouse hair follicles after long term culture,include,include,实验设计明确包含毛囊、头皮、毛周期或相关细胞/样本,include,0.95,hair follicle epithelial stem cells (HFSCs) and their long-term culture,The study directly assays hair follicle stem cells and investigates their culture conditions and differentiation capacity for hair follicle formation.,Title: 'Next generation sequence analysis of cells derived from mouse hair follicles after long term culture' || Summary: 'Follicle epithelial stem cells (HFSCs) have important functions for homeostasis of skin as well as hair follicle morphogenesis.' || Overall_Design: 'Examination of 2 different time point in hair follicle stem cells cultured during long term',include || include,include
GSE193763,RNA-seq analyses of effects of Alpinetin and Zingiberone on hair follicle regeneration,include,include,实验设计明确包含毛囊、头皮、毛周期或相关细胞/样本,include,0.95,hair follicle regeneration,"The study directly assays hair follicle regeneration in a mouse model, with samples enriched for hair follicles, making it central to hair biology.","Title explicitly states 'hair follicle regeneration' || Summary describes depilation-induced hair follicle regeneration model || Samples are back skin without interfollicular epidermis, enriched for hair follicles || Study tests compounds (Alpinetin) for effects on hair follicle transcriptome",include || include,include
GSE193386,"Transcriptome profiling reveals different expression pattern in baseline group, 0G group,and 5G group in ex vivo organ-cultured HFs.",include,include,实验设计明确包含毛囊、头皮、毛周期或相关细胞/样本,include,0.95,Hair follicle greying model using ex vivo organ-cultured human hair follicles,"The study directly assays hair follicles to investigate hair greying mechanisms, making hair biology the primary subject.","Title mentions ex vivo organ-cultured HFs || Summary describes establishing an ex vivo human grey HF model by IR || Overall design states hair follicle mRNA profiles from organ-cultured hair follicles || Study focuses on hair greying, melanocyte stem cells, and hair follicle biology",include || include,include
GSE181390,Chromatin remodeling governs postnatal maturation in dermal fibroblasts [scRNA-Seq],include,review,存在毛发相关描述，但缺少足够的研究对象或样本证据,include,0.95,Postnatal maturation of papillary dermal fibroblasts and loss of hair follicle regenerative potential,"The study directly investigates the loss of hair follicle regenerative capacity in postnatal dermal fibroblasts, with papillary fibroblasts as a primary subject, making it highly relevant to hair follicle biology.","Title mentions dermal fibroblasts and chromatin remodeling, which are relevant to hair follicle biology || Summary explicitly states that postnatal dermal fibroblasts lose differentiation potential for regenerative healing that recreates functional hair follicles || Summary identifies papillary fibroblasts (PFs) as the key cell type, which are a component of hair follicle dermal papilla || Study design includes single-cell transcriptomics of skin cells at postnatal days 0, 2, and 4, capturing the window when hair follicle regenerative ability is lost || Functional hair follicles are a central endpoint in assessing regenerative potential",include || include,review
GSE160513,Leptin receptor marks and targets the hair follicle mesenchymal niche,include,include,标题以毛囊、毛发生物学或脱发为主要研究主题,include,0.95,Hair follicle mesenchymal niche marked by leptin receptor,"The study directly investigates the hair follicle mesenchymal niche using scRNA-seq, making it central to hair biology.","Title explicitly states 'hair follicle mesenchymal niche' || Summary describes single-cell transcriptomes of backskin cells with focus on Lepr-expressing cells, which are known dermal papilla and sheath markers || Study uses Lepr-Cre;mTmG mice to isolate and profile hair follicle mesenchymal cells",include || include,include
GSE201447,ScRNA-seq Analysis of Whole Skin Cells from Irradiated and Naïve Mice,include,review,存在毛发相关描述，但缺少足够的研究对象或样本证据,include,0.95,irradiation-induced alopecia and dermatitis,"Alopecia is a primary disease endpoint, and the omics experiment is designed to explain its mechanisms.","Title mentions whole skin cells but summary explicitly states aim to elucidate drivers of irradiation-induced alopecia and dermatitis (IRIAD) || Alopecia is a primary disease under study, even though assayed sample is whole skin || Study designed to understand molecular/cellular mechanisms of alopecia as a complication of radiotherapy",include || include,review
GSE183808,Regulatory T cells in skin promote hair follicle stem cell activation and hair growth through glucocorticoid signaling,include,include,标题以毛囊、毛发生物学或脱发为主要研究主题,include,0.95,Regulatory T cells in skin promoting hair follicle stem cell activation and hair growth,"The study directly investigates hair follicle stem cell activation and hair growth, making it relevant to hair biology.",Title explicitly states 'Regulatory T cells in skin promote hair follicle stem cell activation and hair growth' || Hair follicle stem cell activation and hair growth are central biological subjects,include || include,include
GSE183805,Regulatory T cells in skin promote hair follicle stem cell activation and hair growth through glucocorticoid signaling (RNA-Seq),include,include,实验设计明确包含毛囊、头皮、毛周期或相关细胞/样本,include,0.95,Regulatory T cells in skin and hair follicle stem cells during hair regeneration,"The study directly investigates hair follicle stem cell activation and hair growth, with omics experiments on hair follicle stem cells and skin Tregs in the context of hair regeneration.","Title explicitly mentions hair follicle stem cell activation and hair growth || Summary states Tregs are a critical component of the hair follicle niche and support HFSC activation and HF regeneration || Overall design includes mRNA profiles of skin Tregs and HFSCs after hair depilation, directly assaying hair follicle-related cells",include || include,include
GSE196265,Expanded CUG repeat RNA alters gene expression profiles in myotonic dystrophy model cells,exclude,exclude,毛发/脱发仅作为药物适应证、不良事件、临床表现或次要结局出现,exclude,0.95,myotonic dystrophy type 1 cellular senescence model,"Frontal baldness is only a clinical symptom of DM1; the study assays a myotonic dystrophy cell model for senescence, not hair biology or alopecia.","Title: Expanded CUG repeat RNA alters gene expression profiles in myotonic dystrophy model cells || Summary: DM1 is a multisystemic disorder; frontal baldness is listed as one symptom but the study focuses on cellular senescence mechanism using a CUGexp RNA cell model || Overall design: mRNA expression in CUGexp+ vs CUGexp- cells, no hair follicle or alopecia samples",exclude || exclude,exclude
GSE197358,Bead-Jet printing of high-density mesenchymal stem cell-laden Matrigel beads augments skeletal muscle and hair follicle regeneration,exclude,exclude,研究对象明确属于其他器官/疾病，未发现毛囊相关样本证据,include,0.9,Hair follicle regeneration using mesenchymal stem cell-laden beads,The study directly investigates hair follicle regeneration as a primary endpoint.,Title explicitly states 'hair follicle regeneration' || Study involves mesenchymal stem cells for hair follicle regeneration,include || include,review
GSE197356,Bead-Jet printing of high-density mesenchymal stem cell-laden Matrigel beads augments skeletal muscle and hair follicle regeneration [skeletal muscle],exclude,exclude,研究对象明确属于其他器官/疾病，未发现毛囊相关样本证据,exclude,0.95,skeletal muscle regeneration,The study's primary subject is skeletal muscle regeneration; hair follicle regeneration is only a secondary observation in the title and not the central omics question.,"Title specifies 'skeletal muscle' as the focus, with hair follicle regeneration mentioned only in passing. || Summary states the study is about augmenting mouse volumetric skeletal muscle tissue. || Overall design describes a traumatic injury model in skeletal muscle, with no hair follicle-specific groups or endpoints.",exclude || exclude,exclude
GSE197355,Bead-Jet printing of high-density mesenchymal stem cell-laden Matrigel beads augments skeletal muscle and hair follicle regeneration [MSC],exclude,exclude,研究对象明确属于其他器官/疾病，未发现毛囊相关样本证据,exclude,0.95,Mesenchymal stem cell encapsulation and function,"Hair follicle regeneration is mentioned as a potential application but the actual experiment assays only MSCs under different encapsulation conditions, not hair follicle biology or alopecia.","Title mentions hair follicle regeneration but the study design only compares MSC encapsulation conditions || Summary focuses on MSC proliferation, migration, EVs, and PI3K-AKT pathway || Overall design has no hair follicle or alopecia samples, only MSC groups",exclude || exclude,exclude
GSE195973,Intermediate GATA3 expression renders a noncanonical ILC population in skin essential for hair follicle recycling,include,include,实验设计明确包含毛囊、头皮、毛周期或相关细胞/样本,include,0.95,Skin innate lymphoid cells (ILCs) and their role in hair follicle recycling,"The study's primary biological question is the role of skin ILCs in hair follicle recycling, with direct assays on hair follicle-associated cells and hair cycle dynamics.","Title explicitly states 'essential for hair follicle recycling' || Summary describes ILC3-like skin ILCs located close to hair follicles, migrating during hair follicle recycling to promote growth || Overall design includes scRNA-seq of skin ILCs from dorsal skin at Day 0 and Day 10 after depilation, a hair cycle synchronization method || Study investigates GATA3's role in ILCs during hair follicle recycling, a central hair biology process",include || include,include
GSE124121,"RNA-seq of human lens with cataracts, alopecia, & microdontia",exclude,exclude,标题虽提及毛发/脱发，但实验设计明确指向无关组织或疾病,exclude,0.95,cataract lens transcriptome for rare syndrome diagnosis,"Alopecia is a clinical symptom of the syndrome, but the omics experiment profiles lens tissue to diagnose cataracts, not hair biology.","Title mentions alopecia but study assays lens tissue || Summary states RNA-seq of cataract lens against donor lens || Overall design: lens transcriptome only || Alopecia is a symptom of the syndrome, not the primary subject of omics assay",exclude || exclude,exclude
GSE165314,Stem cells expand potency and alter tissue fitness by accumulating diverse epigenetic memories (scRNA-seq),include,review,存在毛发相关描述，但缺少足够的研究对象或样本证据,include,0.95,Hair follicle stem cells and their epigenetic memory during wound repair and niche adaptation,"The study directly assays hair follicle stem cells as a primary biological subject, investigating their behavior and epigenetic memory during wound repair.","Title mentions stem cells and epigenetic memories, with scRNA-seq on skin || Summary explicitly states 'hair follicle stem cells leave their niche, migrate to repair damaged epidermis' || Overall design describes profiling homeostatic, wound-induced, and niche-adapted stem cell populations in skin",include || include,review
GSE189210,Parallel single cell multi-omics analysis of neonatal skin reveals transitional fibroblast states that restrict differentiation into distinct fates,include,review,存在毛发相关描述，但缺少足够的研究对象或样本证据,include,0.9,Neonatal skin fibroblasts including dermal papilla and adipocyte fates,"The study explicitly investigates dermal papilla fate regulation, a central hair follicle component, using single-cell multi-omics on neonatal skin.","Summary states: 'functional lineage restriction between dermal papilla and adipocytes fates are regulated by distinct chromatin landscapes' || Dermal papilla is a key hair follicle compartment || Study directly assays neonatal skin cells with scRNA-seq and scATAC-seq, including fibroblast populations relevant to hair biology",include || include,review
GSE172082,Polycomb repressive complex 2 (PRC2) function in adult hair follicle stem cells is dispensable for hair regenration,include,include,实验设计明确包含毛囊、头皮、毛周期或相关细胞/样本,include,0.95,hair follicle stem cells,The study directly assays hair follicle stem cells to investigate their role in hair regeneration.,Title mentions 'adult hair follicle stem cells' and 'hair regenration' || Summary states 'gene regulation in adult HFSCs' || Overall design purifies HFSCs from back skin at different hair cycle stages,include || include,include
GSE134893,Transcriptome analysis of mice dermal white adipose tissue during aging,include,include,实验设计明确包含毛囊、头皮、毛周期或相关细胞/样本,include,0.95,Dermal white adipose tissue as a niche for hair follicle aging,"The study explicitly investigates dWAT as a niche regulating hair follicle aging and uses hair cycle stages (telogen/anagen) as experimental conditions, making hair biology a central focus.","Summary states dWAT is directly adjacent to hair follicle and acts as critical macroenvironmental niche of HF || Summary states dWAT directly contributes to HF aging by paracrine signals || Overall design compares dWAT transcriptome in telogen and depilation-induced anagen, linking to hair cycle",include || include,include
GSE145654,Single cell transcriptomic analysis of aging hair follicles,include,include,实验设计明确包含毛囊、头皮、毛周期或相关细胞/样本,include,0.95,Aging hair follicle stem cells and lineages,"The study directly assays hair follicle cells to investigate stem cell maintenance during aging, making it central to hair biology.","Title explicitly states 'aging hair follicles' || Summary mentions 'stem cell maintenance during aging' and uses Foxc1/Nfatc1 double knockout mice, which are relevant to hair follicle stem cell quiescence || Overall design enriches for hair follicle cells at a 3:1 ratio over interfollicular epidermis",include || include,include
GSE133648,Escape of hair follicle stem cells from a defective niche,include,include,标题以毛囊、毛发生物学或脱发为主要研究主题,include,0.95,hair follicle stem cells,"The study directly investigates hair follicle stem cells, a primary biological subject in hair biology.",Title: 'Escape of hair follicle stem cells from a defective niche' || Organism: Mus musculus || Data_Type: bulk RNA-seq,include || include,include
GSE133647,Transcriptome analysis of hair follcile stem cell quiescence,include,include,实验设计明确包含毛囊、头皮、毛周期或相关细胞/样本,include,0.98,Hair follicle stem cell quiescence and transcriptional regulation,"The study directly assays hair follicle stem cells to investigate the transcriptional regulation of quiescence during the hair cycle, making it a primary hair biology dataset.","Title: Transcriptome analysis of hair follicle stem cell quiescence || Summary: Hair follicle stem cells (HFSCs) can transition between active and quiescent stages during normal hair cycle or wound healing. || Summary: Study investigates transcriptional regulation network of HFSCs quiescence using control, Nfatc1 KO, Foxc1 KO, and double KO mice. || Overall Design: HFSCs isolated at anagen stage (P30) of hair cycle via FACS sorting for specific markers (e.g., CD34hi, Sca1lo).",include || include,include
GSE175990,Single cell transcriptional profile for hidradenitis suppurativa,include,review,存在毛发相关描述，但缺少足够的研究对象或样本证据,exclude,0.9,hidradenitis suppurativa skin lesions,"The study focuses on hidradenitis suppurativa, a skin disease, and while hair follicles are mentioned as part of the anatomical context, the primary subject is the inflammatory skin lesions, not hair follicle biology or alopecia.","Title: Single cell transcriptional profile for hidradenitis suppurativa || Summary: HS is characterized by painful abscesses and nodules in areas with high sweat gland and hair follicle density, but the study's aim is to understand the cellular landscape of HS lesions, not hair follicle biology. || Overall_Design: scRNA-seq in lesional skin from HS patients and healthy donors, no specific hair follicle cell populations isolated or analyzed.",exclude || exclude,review
GSE164024,Epidermal PPARγ is a key homeostatic regulator of cutaneous inflammation and barrier function in mouse skin,exclude,exclude,毛发/脱发仅作为药物适应证、不良事件、临床表现或次要结局出现,include,0.9,Epidermal PPARγ knockout mouse skin with alopecia phenotype,"Alopecia is a primary phenotype of the knockout model, and the study investigates the molecular basis of skin abnormalities including hair loss.",Summary states 'alopecia' as a phenotype in Pparg-/-epi mice || Study examines gene expression changes in epidermal scrapings from knockout mice that develop alopecia || Alopecia is a direct outcome of the genetic perturbation being studied,include || include,review
GSE180798,Transcriptomic profiles of type I/III interferon-responsive hair follicle subsets from ROSA26YFP_Mx1 and ADAM10;ROSA26YFP_Mx1mice,include,include,标题以毛囊、毛发生物学或脱发为主要研究主题,include,0.95,Hair follicle subsets and their response to interferon signaling,"The study directly assays hair follicle cells and investigates their role in inflammation and stem cell protection, making it central to hair biology.",Title explicitly mentions hair follicle subsets || Summary states the study focuses on upper hair follicles and their stem cell niche || Overall design describes sorted YFP+ upper HF cells,include || include,include
GSE180723,"Single-cell transcriptomic profiles of CD45-negative cells from WT (C57BL/6), antibiotics non-treated Mx1Cre-Adam10f/f and antibiotics treated Mx1Cre-Adam10f/f mice",include,include,摘要明确说明毛囊/脱发相关组学对象，且未被无关实验设计否定,include,0.95,Hair follicle immune privilege and inflammatory alopecia,"The study directly investigates hair follicle biology and inflammatory alopecia as the primary disease, with omics data from hair follicle-related cells.","Summary states 'Induced ablation of Adam10 ... results in T cell-independent Inflammatory alopecia' || Study investigates 'ADAM10-Notch signaling axis in ... upper hair follicles (HF) ... protected HFs and its stem cell niche from inflammatory destruction' || Samples are CD45-negative cells from mouse skin, which include hair follicle epithelial cells and stem cells || Alopecia is the primary disease phenotype under study",include || include,include
GSE180718,Single-cell transcriptomic profiles of CD45-negative cells from Mx1Cre-Rbpjf/f mice,include,include,摘要明确说明毛囊/脱发相关组学对象，且未被无关实验设计否定,include,0.95,Hair follicle immune privilege and inflammatory alopecia,"The study's central question is the role of Notch signaling in hair follicles for preventing inflammatory alopecia, making hair follicle biology the primary subject.","Summary states: 'ADAM10-Notch signaling axis in type I/III interferon-responsive upper hair follicles (HF) was crucial for the expression of genes that regulated skin microbiota and protected HFs and its stem cell niche from inflammatory destruction.' || Study directly investigates hair follicle biology in the context of inflammatory alopecia. || Samples are CD45-negative cells from mouse skin, which include hair follicle epithelial cells and stem cells.",include || include,include
GSE180435,Transcriptomic profiles of type I/III interferon-responsive hair follicle subsets from WT with or without Poly:IC injection,include,include,实验设计明确包含毛囊、头皮、毛周期或相关细胞/样本,include,0.95,Hair follicle subsets (infundibulum and isthmus) and their interferon response,"The study profiles specific hair follicle compartments (infundibulum and isthmus) as primary biological subjects, making it directly relevant to hair follicle biology.",Title explicitly states 'hair follicle subsets' || Overall design describes sorted upper hair follicle subsets (infundibulum and isthmus) || Study directly assays hair follicle compartments,include || include,include
GSE180405,Single-cell transcriptomic profiles of CD45-positive cells from Mx1-Cre x Adam10f/f Rag2KO mice,include,review,存在毛发相关描述，但缺少足够的研究对象或样本证据,include,0.95,Inflammatory alopecia,"The study directly investigates inflammatory alopecia using a mouse model, with omics data from skin immune cells relevant to the hair-loss disorder.","Title mentions Mx1-Cre x Adam10f/f Rag2KO mice, which are a model for inflammatory alopecia || Summary states 'Induced ablation of Adam10 in Mx1-Cre x Adam10f/f mice results in T cell-independent Inflammatory alopecia' || Samples are CD45-positive cells from mouse skin in the context of alopecia",include || include,review
GSE166921,RNA sequencing of isolated murine basal and suprabasal hair follicle bulge stem cells,include,include,实验设计明确包含毛囊、头皮、毛周期或相关细胞/样本,include,0.98,hair follicle bulge stem cells,The study directly assays hair follicle bulge stem cell populations to investigate their heterogeneity and roles in skin homeostasis.,Title explicitly states 'isolated murine basal and suprabasal hair follicle bulge stem cells' || Summary describes sorting of CD34+/itga6high basal and CD34+/itga6low suprabasal bulge stem cells from hair follicles || Overall design mentions 'basal bulge stem cells and suprabasal bulge stem cells' from backskin,include || include,include
GSE93766,Transcriptome comparison of balding and non-balding dermal papilla aggregates from NHEK co-culturing,include,include,实验设计明确包含毛囊、头皮、毛周期或相关细胞/样本,include,0.95,balding vs non-balding dermal papilla aggregates in androgenetic alopecia,"The study directly assays dermal papilla cells from balding and non-balding scalp to investigate androgenetic alopecia pathogenesis, making it central to hair biology and alopecia.",Title explicitly compares balding and non-balding dermal papilla aggregates || Summary states aim to elucidate genes involved in AGA pathogenesis using DP cells from male AGA patients || Overall design examines transcriptome difference between balding and non-balding DP aggregates,include || include,include
GSE178374,Transcriptome Analysis of Dihydrotestosterone-treated 2D- and 3D-cultured Dermal Papilla Cells,include,include,实验设计明确包含毛囊、头皮、毛周期或相关细胞/样本,include,0.95,Dermal papilla cells and androgen-induced alopecia,"Study directly assays dermal papilla cells, a primary hair follicle component, and investigates androgen-induced alopecia mechanisms.",Title: Transcriptome Analysis of Dihydrotestosterone-treated 2D- and 3D-cultured Dermal Papilla Cells || Summary: Hair follicle growth inhibitory effect of DHT-treated DPCs evaluated; co-culture with outer root sheath cells; molecular mechanisms underlying androgen-induced alopecia || Overall_Design: Dermal papillae isolated from balding area of male patients undergoing hair transplantation,include || include,include
GSE154871,Hair follicle stem cell progeny heal blisters while pausing skin development,include,include,标题以毛囊、毛发生物学或脱发为主要研究主题,include,0.95,Hair follicle stem cell progeny in wound healing and skin development,"The study investigates hair follicle stem cell progeny during wound healing and its impact on hair follicle development, making hair follicle biology a central subject.","Title explicitly mentions hair follicle stem cell progeny || Summary states delayed hair follicle growth and role of HF junctional zone stem cells || Overall design compares blistered vs control dorsal skin epidermis, directly relevant to hair follicle biology",include || include,include
GSE148037,Wound healing and hair follicle regeneration with topical BRAF inhibitor therapy in a diabetic model,include,include,标题以毛囊、毛发生物学或脱发为主要研究主题,include,0.95,Hair follicle regeneration in diabetic wound healing,"Hair follicle regeneration is a central finding and endpoint of the study, with direct assay of neogenic hair follicles.","Title mentions 'hair follicle regeneration' || Summary states 'unexpectedly promotes hair follicle regeneration' and describes neogenic hair follicles expressing Sox-9, CD34, and K15 || Study endpoint includes restoration of skin architecture with hair follicles",include || include,include
GSE148619,Niche stiffening compromises stem cell potential during aging by reducing chromatin accessibility at bivalent promoters,include,include,实验设计明确包含毛囊、头皮、毛周期或相关细胞/样本,include,0.95,hair follicle stem cells,The study directly assays hair follicle stem cells to investigate aging-related changes in stem cell potential.,Title mentions stem cell potential during aging || Summary states RNA and ATAC sequencing of CD34+ Ia6+ sorted hair follicle stem cells || Overall design describes ChIP-seq on sorted hair follicle stem cells,include || include,include
GSE173591,Defining a role for GPCR/cAMP/Creb signaling in HFSC activation,include,include,实验设计明确包含毛囊、头皮、毛周期或相关细胞/样本,include,0.95,Hair follicle stem cell activation and hair cycle regulation,"The study directly investigates hair follicle stem cell activation and hair cycle regulation, making it central to hair biology.",Title explicitly mentions HFSC (hair follicle stem cell) activation || Summary states study demonstrates regulation of HFSC activation and the hair cycle || Overall design describes topical treatment to accelerate the hair cycle,include || include,include
GSE149704,Effect of N1-acetylspermidine treatment on hair follicle stem cell organoid cultures,include,include,实验设计明确包含毛囊、头皮、毛周期或相关细胞/样本,include,0.95,hair follicle stem cell organoids,"The study directly assays hair follicle stem cell organoids to investigate stem cell fate decisions, making hair follicle biology the primary subject.",Title: Effect of N1-acetylspermidine treatment on hair follicle stem cell organoid cultures || Summary: used hair follicle stem cell (HFSC) organoids to study the role of polyamines as key regulators of mRNA translation in stem cell fate decisions || Overall_Design: UMI-RNA-Seq of sorted HFSC organoids (alpha6+CD34- and alpha6+CD34+ cells),include || include,include
GSE164806,Effect of N1-acetylspermidine treatment on the translatome of hair follicle stem cell organoid cultures,include,include,实验设计明确包含毛囊、头皮、毛周期或相关细胞/样本,include,0.95,Hair follicle stem cell organoids,"The study directly assays hair follicle stem cell organoids to investigate stem cell fate decisions, making hair follicle biology the central subject.",Title explicitly states 'hair follicle stem cell organoid cultures' || Summary describes using hair follicle stem cell (HFSC) organoids to study polyamine regulation of translation in stem cell fate decisions || Overall design mentions sorted HFSC organoids (alpha6+CD34- and alpha6+CD34+ cells),include || include,include
GSE147372,Tracing the origin of hair follicle stem cells,include,include,标题以毛囊、毛发生物学或脱发为主要研究主题,include,0.98,Hair follicle stem cell origin and morphogenesis,"The study directly assays developing hair follicles to investigate hair follicle stem cell origin and morphogenesis, making it central to hair biology.",Title explicitly states 'Tracing the origin of hair follicle stem cells' || Summary describes scRNA-seq data from developing hair follicles to study cellular state transitions during HF morphogenesis || Study aims to reveal origin and developmental trajectories of tissue stem cells in hair follicles,include || include,include
GSE169173,Obesity accelerates hair thinning by stem cell-centric converging mechanism [RNA-seq],include,include,实验设计明确包含毛囊、头皮、毛周期或相关细胞/样本,include,0.95,Hair follicle stem cells and hair thinning under obesity,"The study directly assays hair follicle stem cells to investigate obesity-induced hair thinning, making hair biology the central subject.","Title explicitly mentions hair thinning and stem cells || Summary states hair follicles are the primary organ studied, with HFSCs as the target || Overall design specifies gene expression in anagen hair follicle stem cells",include || include,include
GSE162333,High resolution single cell transcriptomics reveals heterogeneity of self-renewing hair follicle stem cells,include,include,实验设计明确包含毛囊、头皮、毛周期或相关细胞/样本,include,1.0,Hair follicle stem cells,"The study directly profiles hair follicle stem cells to investigate their heterogeneity, making hair biology the central subject.",Title explicitly states 'self-renewing hair follicle stem cells' || Summary describes FACS sorting of CD34+/K14-H2BGFP+ hair follicle stem cells from mouse skin at mid-anagen || Overall design: scRNA-seq of sorted hair follicle stem cells,include || include,include
GSE171662,Lgr6 marks epidermal stem cells with a nerve-dependent role in wound re- epithelialization,exclude,review,存在毛发相关描述，但缺少足够的研究对象或样本证据,include,0.9,Lgr6 epidermal stem cells and their interaction with hair follicle stem cells during wound healing,"The study directly involves hair follicle stem cells as a compensatory population in wound re-epithelialization, making it relevant to hair follicle biology.",Summary states that hair follicle stem cells are recruited and partially compensate for wound closure after loss of Lgr6 stem cells || Study examines fate and dynamics of Lgr6 stem cells and their relationship with hair follicle stem cells in skin injury context,include || include,review
GSE161387,High proliferation and delamination during skin epidermal stratification,exclude,review,存在毛发相关描述，但缺少足够的研究对象或样本证据,exclude,0.95,epidermal stratification and keratinocyte proliferation,"The study's primary subject is epidermal stratification and keratinocyte biology; hair follicle arrest is a secondary phenotype, and no hair follicle-specific samples or alopecia question are central.","Title: 'High proliferation and delamination during skin epidermal stratification' || Summary focuses on epidermal stratification, cell division orientation, and keratinocyte progenitors; hair follicle arrest is mentioned only as a secondary phenotype of centrosome ablation || Overall design: RNA-Seq from primary keratinocytes and skin epidermis, not hair follicle-specific samples",exclude || exclude,review
GSE169650,Epigenomic profiling of hair follicle stem cells identifies PRDM16 as a regulator of sebaceous gland homeostasis.,include,include,标题以毛囊、毛发生物学或脱发为主要研究主题,include,0.95,hair follicle stem cells,"The study directly profiles hair follicle stem cells and investigates a regulator of sebaceous gland homeostasis, a topic central to hair follicle biology.","Title explicitly mentions 'hair follicle stem cells' || Study investigates PRDM16 as a regulator of sebaceous gland homeostasis, which is closely related to hair follicle biology",include || include,include
GSE169648,Epigenomic profiling of hair follicle stem cells identifies PRDM16 as a regulator of sebaceous gland homeostasis [RNA-seq],include,include,标题以毛囊、毛发生物学或脱发为主要研究主题,include,0.95,Hair follicle stem cells (HFSCs) and their role in sebaceous gland homeostasis,"The study directly assays hair follicle stem cells and investigates their molecular regulation, making hair follicle biology a primary subject.","Title explicitly states 'Epigenomic profiling of hair follicle stem cells' || Summary describes isolation of HFSCs from mouse skin and identification of regulators of HFSC outside the bulge || Overall design uses Alpha6+/Sca1- cells, a known marker profile for hair follicle stem cells || Study investigates PRDM16 function in junctional zone stem cells, a hair follicle compartment",include || include,include
GSE159939,Symmetry breaking of tissue mechanics in wound induced hair follicle regeneration,include,include,标题以毛囊、毛发生物学或脱发为主要研究主题,include,0.95,hair follicle regeneration,The study directly investigates hair follicle regeneration as a central biological process.,Title explicitly states 'wound induced hair follicle regeneration' || Study focuses on tissue mechanics in hair follicle neogenesis,include || include,include
GSE159938,Symmetry breaking of tissue mechanics in wound induced hair follicle regeneration [bulk RNA-seq],include,include,标题以毛囊、毛发生物学或脱发为主要研究主题,include,0.95,Wound-induced hair follicle regeneration,"The study directly investigates hair follicle regeneration using a wound-induced hair neogenesis model, with omics data designed to explain hair primordia formation.",Title explicitly states 'wound induced hair follicle regeneration' || Summary describes using wound-induced hair neogenesis (WIHN) model to study hair formation || Study identifies Twist1 pathway in emergence of periodic hair primordia || Bulk RNA-seq performed on epidermal and dermal tissues from lab and spiny mice in context of hair regeneration,include || include,include
GSE135705,Corticosterone inhibits Gas6 to govern hair follicle stem cell quiescence,include,include,实验设计明确包含毛囊、头皮、毛周期或相关细胞/样本,include,0.98,hair follicle stem cell quiescence and hair growth regulation by corticosterone,"The study directly assays hair follicle stem cells and dermal papilla to investigate mechanisms of hair growth regulation, making it central to hair biology.","Title explicitly states 'hair follicle stem cell quiescence' || Summary focuses on hair follicle stem cells (HFSCs), dermal papilla, and hair growth || Overall design includes FACS-purified dermal papilla cells and hair follicle stem cells from mouse skin",include || include,include
GSE139272,Genotoxicity induces epithelial hyperplasia and lineage infidelity via fibroblast IL-1β,exclude,review,存在毛发相关描述，但缺少足够的研究对象或样本证据,include,0.85,Hair follicle epithelial response to genotoxic damage,"The study directly investigates hair follicle biology as a primary subject, examining how genotoxic damage affects hair follicle epithelial cells, which meets inclusion criterion 1.","Summary states: 'induce hyperplasia and lineage infidelity in the interfollicular epidermis, as well as in two epidermal subappendages: the mammary gland and hair follicle' || Hair follicle is explicitly listed as a tissue where genotoxic agents induce hyperplasia and lineage infidelity",include || include,review
GSE149189,"RNA-Seq of human fetal and adult scalp hair follicle dermal papilla (DP), dermal sheath cup (DSC), and interfollicular dermal (IFD) cells",include,include,实验设计明确包含毛囊、头皮、毛周期或相关细胞/样本,include,1.0,"Human fetal and adult scalp hair follicle dermal papilla, dermal sheath cup, and interfollicular dermal cells","The study directly assays hair follicle dermal papilla and dermal sheath cup cells, with a primary focus on hair follicle regeneration and molecular regulatory networks.","Title explicitly states RNA-Seq of human fetal and adult scalp hair follicle dermal papilla (DP), dermal sheath cup (DSC), and interfollicular dermal (IFD) cells. || Summary describes microdissection of DP, DSC, and IFD cells from hair follicles, with a focus on hair follicle regeneration and signaling pathways. || Overall design confirms the assayed samples are DP, DSC, and IFD cells from hair follicles.",include || include,include
GSE147298,BMP signaling: at the gate between activated melanocyte stem cells and differentiation [SMART-Seq2 single cell RNA-seq],include,review,存在毛发相关描述，但缺少足够的研究对象或样本证据,include,0.95,Melanocyte stem cells in hair follicle during hair cycle,"The study directly assays melanocyte stem cells from hair follicles and investigates their role in hair pigmentation and graying, which is central to hair biology.","Title mentions melanocyte stem cells and hair graying || Summary describes McSCs synchronous with hair cycle, pigment transfer to hair cells || Overall design includes quiescent and activated melanocyte stem cells from mouse hair follicles",include || include,review
GSE147295,BMP signaling: at the gate between activated melanocyte stem cells and differentiation [RNA-Seq],include,include,实验设计明确包含毛囊、头皮、毛周期或相关细胞/样本,include,0.95,Melanocyte stem cells in hair follicle during hair cycle,"The study directly assays melanocyte stem cells and their progeny within the hair follicle, focusing on hair pigmentation and the hair cycle, which are core hair biology topics.","Title mentions melanocyte stem cells and hair cycle context || Summary describes McSCs transitioning through quiescence, activation, and differentiation synchronous with hair cycle || Study investigates hair graying and melanocyte lineage in hair follicle || Samples are FACS-sorted melanocyte stem cells from telogen and melanocytes from anagen hair follicles",include || include,include
GSE150954,"Melanocyte precursors in the hair follicle bulge of repigmented vitiligo skin are controlled by RHO-GTPase, KCTD10 and CTNNB1 signaling",include,include,实验设计明确包含毛囊、头皮、毛周期或相关细胞/样本,include,0.95,Hair follicle bulge melanocyte and keratinocyte precursors in vitiligo repigmentation,"The study's primary biological subject is hair follicle bulge cells (melanocyte and keratinocyte precursors) and their role in repigmentation, making it directly relevant to hair follicle biology.",Title explicitly mentions hair follicle bulge and repigmented vitiligo skin || Summary states melanocyte precursors in the hair follicle bulge are studied || Overall design describes laser capture microdissection of hair follicle bulge melanocyte and outer root sheath keratinocyte samples || Study directly assays hair follicle cell populations to understand repigmentation biology,include || include,include
GSE159140,Next Generation Sequencing based mRNA sequencing of osteogenic differentiation of human mesenchymal stem cells from hair follicle outer root sheath (MSCORS),include,include,实验设计明确包含毛囊、头皮、毛周期或相关细胞/样本,include,0.95,osteogenic differentiation of mesenchymal stem cells from hair follicle outer root sheath,"The study directly assays cells derived from the hair follicle outer root sheath, making hair follicle biology a primary subject.",Title explicitly states cells are from hair follicle outer root sheath || Overall design confirms use of human mesenchymal stem cells from hair follicle outer root sheath || Summary describes isolation and characterization of MSCORS (mesenchymal stem cells from outer root sheath),include || include,include
GSE159139,Next Generation Sequencing based mRNA sequencing of human mesenchymal stem cells from hair follicle outer root sheath,include,include,实验设计明确包含毛囊、头皮、毛周期或相关细胞/样本,include,0.95,Mesenchymal stem cells from hair follicle outer root sheath,"The study directly assays cells derived from the hair follicle outer root sheath, making hair follicle biology a primary subject.",Title: 'Next Generation Sequencing based mRNA sequencing of human mesenchymal stem cells from hair follicle outer root sheath' || Summary: 'primarily isolated human mesenchymal stem cells from hair follicle outer root sheath (MSCORS)' || Overall_Design: 'mRNA profiles of human mesenchymal stem cells from hair follicle outer root sheath (MSCORS)',include || include,include
GSE150701,Specific ectodermal enhancers control the expression of Hoxc genes in developing mammalian teguments [RNA-seq],exclude,review,存在毛发相关描述，但缺少足够的研究对象或样本证据,include,0.9,"HoxC gene cluster function in ectodermal development, including hair follicle formation","The study directly investigates genetic mechanisms required for hair development, with alopecia as a key phenotype, making it relevant to hair biology.",Summary states deletion of HoxC cluster led to alopecia (hair loss) in mice || Study identifies enhancers necessary for full development of hairs || Hair development is a central phenotype and endpoint of the genetic analysis,include || include,review
GSE145095,A transcriptomic atlas of murine and human alopecia areata identifies immune cell profiles predictive of human disease state.,include,include,标题以毛囊、毛发生物学或脱发为主要研究主题,include,0.95,Alopecia areata immune cell profiles in hair follicle,"Alopecia areata is the primary disease under study, with immune cells profiled from affected skin to understand hair follicle autoimmunity.","Title: A transcriptomic atlas of murine and human alopecia areata identifies immune cell profiles predictive of human disease state. || Summary: AA pathogenesis is due to the loss of immune privilege of the hair follicle leading to autoimmune attack. || Overall_Design: CD45+ immune cells were isolated from skin of mice with AA and control, and human AA skin.",include || include,include
GSE155837,Gene expression profiling of Dermal Papilla cells isolated from wild type (WT) and Fgfr1/Fgfr2 double mutant mice during anagen (at P14 and P16) was performed by RNA-seq analysis,include,include,标题以毛囊、毛发生物学或脱发为主要研究主题,include,0.95,Dermal papilla cells during anagen hair follicle development,"The study directly assays dermal papilla cells, a central hair follicle compartment, to investigate gene expression changes during anagen, making it highly relevant to hair biology.",Title specifies Dermal Papilla cells isolated from mice during anagen || Summary states DP transcriptome is altered in Fgfr1/Fgfr2 double mutant || Overall design includes wt and mutant DP samples at P14 and P16,include || include,include
GSE131600,Single-cell ATAC-Seq of cells recruited to regenerative portions of large skin wounds.,include,review,存在毛发相关描述，但缺少足够的研究对象或样本证据,include,0.95,Wound-induced hair follicle neogenesis,"The study's central question is the epigenetic regulation of wound-induced hair follicle neogenesis, making hair follicle biology a primary subject.","Summary states: 'large skin injuries exhibit de novo formation of hair follicles (HFs, a phenomenon termed wound-induced HF neogenesis)' || Study aims to identify epigenetic changes in fibroblasts transitioning to induce new HFs || Directly assays cells from the center of large wounds where HF neogenesis occurs",include || include,review
GSE108677,Single-cell transcriptomics of Hic1 lineage cells recruited during regenerative and scar-forming skin wound healing.,include,review,存在毛发相关描述，但缺少足够的研究对象或样本证据,include,0.95,Hic1 lineage cells in wound-induced hair follicle neogenesis,"The study's primary biological question is the cellular origin and transcriptomic profile of mesenchymal cells that contribute to de novo hair follicle formation during wound healing, making hair follicle biology a central endpoint.","Title mentions single-cell transcriptomics of Hic1 lineage cells during regenerative skin wound healing, which is directly linked to hair follicle neogenesis. || Summary explicitly states the study investigates wound-induced hair follicle neogenesis (WIHN) and the contribution of Hic1-lineage cells to de novo hair follicle formation. || Overall design describes isolation of Hic1tdTomato+ve cells from wounds with regenerative (hair follicle-forming) and scar-forming regions, with the goal of understanding cellular mechanisms of hair follicle regeneration.",include || include,review
GSE130240,Sympathetic nerves and arrector pili muscles form a dual component niche to regulate hair follicle stem cells,include,include,实验设计明确包含毛囊、头皮、毛周期或相关细胞/样本,include,0.95,Hair follicle stem cell regulation by sympathetic nerves and arrector pili muscle niche,"The study directly assays hair follicle stem cells and investigates their regulation, making it central to hair follicle biology.","Title explicitly states regulation of hair follicle stem cells || Summary describes hair follicle stem cell (HFSC) activity, quiescence, and regeneration || Overall design isolates hair follicle stem cells (CD34+, a6+, Sca1-) for RNA-seq || Study focuses on hair follicle biology and niche interactions",include || include,include
GSE152537,Transcriptomic profiling in NTAPP-exposed human dermal papilla cells.,include,include,标题以毛囊、毛发生物学或脱发为主要研究主题,include,0.95,Human dermal papilla cells treated with NTAPP,"The study directly assays human dermal papilla cells, which are a core hair follicle cell type, and investigates transcriptomic changes relevant to hair biology.",Title: Transcriptomic profiling in NTAPP-exposed human dermal papilla cells. || Summary: performed bulk RNA sequencing on NTAPP-treated human dermal papilla (hDP) cells. || Overall_Design: Total RNAs were directly purified and isolated from NTAPP-treated hDP cells or non-treated hDP cells.,include || include,include
GSE132383,Validation of small molecule activators and identification of altered signaling pathways underlying the age-related decline in proliferative capacity in human dermal progenitors,include,review,存在毛发相关描述，但缺少足够的研究对象或样本证据,include,0.95,Age-related decline in human hair follicle dermal progenitor cells,"The study directly assays hair follicle dermal progenitor cells (hDPCs) to investigate age-related functional decline, making hair follicle biology the primary subject.",Title mentions 'dermal progenitors' and 'age-related decline in proliferative capacity' || Summary states 'Intrinsic dysfunction of hair follicle dermal progenitors' and 'functional decline in aged hDPCs' || Overall design specifies 'Dermal progenitor cells were isolated from adult human dermis' and comparison between aged and young donors,include || include,review
GSE115424,Dysfunction of hair follicle mesenchymal progenitors contributes to age related hair loss,include,include,实验设计明确包含毛囊、头皮、毛周期或相关细胞/样本,include,0.98,Hair follicle mesenchymal progenitors and age-related hair loss,"The study's primary biological subject is hair follicle mesenchymal progenitors, and the central question is their dysfunction in age-related hair loss, directly meeting inclusion criteria.","Title explicitly states 'Dysfunction of hair follicle mesenchymal progenitors contributes to age related hair loss' || Summary describes characterization of hair follicle dermal stem cells (hfDSCs) and their role in hair follicle regeneration and age-related dysfunction || Overall design enriches for mesenchymal cells within the hair follicle, using FACS to isolate YFP+ and Cd26+ populations from hair follicle dermal stem cell lineage || Study directly assays hair follicle mesenchymal cells via scRNA-seq to investigate age-related transcriptional changes driving hair loss",include || include,include
GSE135146,NFI Transcription Factors Govern Stem Cell Chromatin Accessibility and Guard Against Irreversible Hair Loss,include,include,标题以毛囊、毛发生物学或脱发为主要研究主题,include,0.95,Hair follicle stem cells and hair loss,"The title indicates a primary focus on hair follicle stem cells and hair loss, which directly aligns with hair biology and alopecia research.","Title explicitly mentions 'Stem Cell Chromatin Accessibility' and 'Irreversible Hair Loss' || Organism is Mus musculus, commonly used in hair biology research || The study is a SuperSeries likely containing experiments on hair follicle stem cells",include || include,include
GSE135143,NFI Transcription Factors Govern Stem Cell Chromatin Accessibility and Guard Against Irreversible Hair Loss [scRNA-seq],include,include,实验设计明确包含毛囊、头皮、毛周期或相关细胞/样本,include,0.98,Hair follicle stem cell chromatin accessibility and transcription factor regulation,"The study directly assays hair follicle stem cells and investigates hair loss mechanisms, making it central to hair biology.",Title explicitly states 'Stem Cell Chromatin Accessibility and Guard Against Irreversible Hair Loss' || Summary describes using hair follicles as model and studying hair follicle stem cells (HFSCs) || Overall design indicates purification of mouse hair follicle stem cells for scRNA-seq || Study investigates mechanisms of hair loss resembling irreversible alopecia,include || include,include
GSE135142,NFI Transcription Factors Govern Stem Cell Chromatin Accessibility and Guard Against Irreversible Hair Loss [bulk RNA-seq],include,include,实验设计明确包含毛囊、头皮、毛周期或相关细胞/样本,include,0.98,Hair follicle stem cell chromatin accessibility and alopecia,"The study directly assays hair follicle stem cells and investigates mechanisms of hair loss and alopecia, making it central to hair biology.","Title explicitly states 'Stem Cell Chromatin Accessibility and Guard Against Irreversible Hair Loss' || Summary describes using hair follicles as model, studying stem cell depletion and hair loss resembling irreversible alopecia || Overall design specifies purification of mouse hair follicle stem cells for RNA-seq",include || include,include
GSE129218,Single-cell RNA-sequencing of full thickness mouse skin during anagen and telogen,include,include,实验设计明确包含毛囊、头皮、毛周期或相关细胞/样本,include,0.95,Mouse skin cellular heterogeneity across hair cycle stages,"The study directly assays full-thickness skin at defined hair cycle stages to investigate cellular heterogeneity related to hair growth, making hair follicle biology a central subject.","Title explicitly mentions anagen and telogen hair cycle stages || Summary states goal to compare cellular composition during rest (telogen) and hair growth (anagen) || Samples are full-thickness skin from anagen (5w) and telogen (9w) mice, directly capturing hair follicle cells",include || include,include
GSE130976,A stem cell-driven lymphoangiogenic switch,include,include,实验设计明确包含毛囊、头皮、毛周期或相关细胞/样本,include,0.95,Hair follicle stem cell niche and hair regeneration,"The study investigates hair follicle stem cell niche interactions and their role in hair regeneration, making it directly relevant to hair biology.","Summary states lymphatics form networks around hair follicle stem cells and are essential for coordinating HFSC behavior and hair regeneration. || Overall design uses mouse back skin at first telogen, a hair cycle stage, to isolate endothelial cells for RNA-seq, directly addressing hair follicle biology.",include || include,include
GSE130850,A stem cell-driven lymphoangiogenic switch (scRNA-seq),include,include,实验设计明确包含毛囊、头皮、毛周期或相关细胞/样本,include,0.95,Hair follicle stem cell niche and lymphatic interactions during hair regeneration,"The study directly examines hair follicle stem cell niche interactions and their role in hair regeneration, using scRNA-seq on lymphatic endothelial cells from hair cycle stages.","Title mentions stem cell-driven lymphoangiogenic switch, with scRNA-seq on lymphatic endothelial cells || Summary states lymphatics form networks around hair follicle stem cells and remodel upon regeneration || Study investigates how hair follicle stem cells control lymphatic behavior and how this affects hair regeneration || Overall design specifies FACS-purified mouse lymphatic endothelial cells at telogen and early anagen, key hair cycle stages",include || include,include
GSE123913,A stem cell-driven lymphoangiogenic switch coordinates tissue regeneration,include,include,实验设计明确包含毛囊、头皮、毛周期或相关细胞/样本,include,0.95,Hair follicle stem cells and their role in coordinating hair regeneration via lymphatic niche interactions,"The study directly assays hair follicle stem cells across the hair cycle to investigate their role in hair regeneration, making hair biology the primary subject.","Title mentions 'stem cell-driven lymphoangiogenic switch coordinates tissue regeneration' and summary explicitly states 'lymphatic capillaries as critical SC niche components' in skin, forming networks around hair follicle SCs. || Summary states 'SCs of each hair follicle (HF)' and 'HFSC behavior and hair regeneration' are central, with experiments depleting lymphatics or silencing Angptl7 affecting HF regeneration. || Overall design specifies 'Mouse hair follicle stem cells were purified... along the hair cycle' and analyzed by RNA-seq.",include || include,include
GSE109256,"Gene expression profiling of adult hair follicle dermal stem cells and progeny, dermal sheath and dermal papilla cells",include,include,实验设计明确包含毛囊、头皮、毛周期或相关细胞/样本,include,1.0,Hair follicle dermal stem cells and progeny,The study directly assays hair follicle cell populations central to hair biology and regeneration.,"Title explicitly states profiling of adult hair follicle dermal stem cells, dermal sheath, and dermal papilla cells || Summary describes isolation of hair follicle dermal stem cells and their role in hair follicle regeneration || Overall design focuses on hair follicle mesenchymal cells during regeneration initiation",include || include,include
GSE136996,Dermal sheath contraction powers stem cell niche relocation during hair cycle regression,include,include,实验设计明确包含毛囊、头皮、毛周期或相关细胞/样本,include,0.98,Dermal sheath contraction during hair follicle regression,"The study directly assays hair follicle compartments (dermal sheath, dermal papilla) to investigate a central hair biology mechanism.","Title explicitly mentions dermal sheath and hair cycle regression || Summary describes hair follicle regression and niche relocation to stem cells || Overall design includes FACS-sorted dermal sheath, dermal papilla, and dermal fibroblasts from mouse skin",include || include,include
GSE124901,Functional stem cell aging dictated by skin tissue microenvironment,include,include,实验设计明确包含毛囊、头皮、毛周期或相关细胞/样本,include,0.95,Hair follicle stem cell aging and niche interactions,"The study directly assays hair follicle stem cells and investigates their aging, niche interactions, and regenerative capacity, making hair biology the primary subject.","Title mentions stem cell aging in skin tissue microenvironment, but summary explicitly focuses on hair follicle stem cells (HFSCs). || Summary states: 'In aged skin, hairs are sparse, which has led to the hypothesis that the hair follicle stem cells (HFSCs) undergo epidermal differentiation during aging. Here, we employ single cell analysis to interrogate aging-related changes in the HFSCs.' || Overall design: 'Young and aged murine hair follicle stem cells... were purified and assayed...' || Study investigates hair follicle regeneration defects and niche support, central to hair biology.",include || include,include
GSE119376,Adverse Events of anti-EGFR Therapy are Triggered by Hair Eruption and Commensal Skin Microbiota,include,include,标题以毛囊、毛发生物学或脱发为主要研究主题,include,0.95,Hair follicle barrier function and microbiota during hair eruption,"The study directly investigates hair follicle biology, specifically the role of EGFR/ERK signaling in maintaining barrier integrity during hair eruption, making hair follicles a primary biological subject.",Title mentions 'Hair Eruption' as a trigger for adverse events || Summary states 'opening of the follicular ostia during hair eruption allows invasion of commensal microbiota' || Summary describes 'gatekeeper function of the EGFR/ERK cascade in hair follicles securing the epidermal barrier around the erupting hair shaft' || Study investigates hair follicle biology in the context of EGFR deficiency and barrier disruption,include || include,include
GSE129611,Defining transcriptional signatures of human hair follicle cell states,include,include,实验设计明确包含毛囊、头皮、毛周期或相关细胞/样本,include,1.0,Human hair follicle cell states,"The study directly assays human hair follicles to define their transcriptional cell states, making it a primary hair biology dataset.",Title explicitly states 'Defining transcriptional signatures of human hair follicle cell states' || Summary indicates 'Single Cell RNA sequencing of human hair follicles' || Overall design describes isolation of human hair follicles from scalp and single-cell analysis,include || include,include
GSE119762,Hair follicle stem cells (HF-SCs) can initiate psoriasis-like disease in mice,include,include,实验设计明确包含毛囊、头皮、毛周期或相关细胞/样本,include,0.95,Hair follicle stem cells in psoriasis-like disease initiation,"Hair follicle stem cells are a primary biological subject and directly assayed sample, with the study investigating their molecular mechanisms in disease initiation.",Title explicitly states 'Hair follicle stem cells (HF-SCs) can initiate psoriasis-like disease' || Summary describes lineage-tracing of HF-SCs and their role in initiating epidermal hyperplasia and inflammation || Overall design includes sorted mutant and non-mutant hair follicle stem cells as distinct experimental groups,include || include,include
GSE128436,EGFR and hair shaft differentiation,include,include,标题以毛囊、毛发生物学或脱发为主要研究主题,include,0.95,EGFR signaling in hair follicle stem cells and hair shaft differentiation,"The study directly investigates hair follicle biology, including hair shaft differentiation and hair follicle stem cells, making it highly relevant to a hair follicle omics collection.","Title explicitly mentions hair shaft differentiation || Summary states study of EGFR-deficiency in adult HFSCs (hair follicle stem cells) || Summary describes effects on outer root sheath and differentiated hair shaft keratinocytes || Summary notes disorganization of medulla cells, a hair-specific structure",include || include,include
GSE130054,Priming mobilization of hair follicle stem cells triggers permanent loss of regeneration after alkylating chemotherapy,include,include,实验设计明确包含毛囊、头皮、毛周期或相关细胞/样本,include,0.95,Hair follicle stem cell response to alkylating chemotherapy,"The study directly assays hair follicle stem cells and investigates their role in regeneration loss, making hair biology the central subject.",Title mentions hair follicle stem cells and permanent loss of regeneration || Summary states the study uses cycling human hair follicles and focuses on hair follicle stem cells (HFSCs) || Overall design specifies RNA-seq of human hair follicle stem cells after alkylating chemotherapy,include || include,include
GSE117967,Loss of PRC1 activity in different stem cell compartments activates a common transcriptional program with cell-type dependent outcome,include,include,实验设计明确包含毛囊、头皮、毛周期或相关细胞/样本,include,0.95,PRC1 role in LGR5+ hair follicle stem cells during hair regeneration,"The study directly assays hair follicle stem cells and investigates their role in hair regeneration, making hair biology a primary subject.","Title mentions stem cell compartments, but summary specifies LGR5+ hair follicle stem cells || Summary states: 'investigated its role in LGR5+ hair follicle stem cells during physiological regeneration' || Summary states: 'PRC1 depletion in LGR5+ cells severely affects hair regeneration' || Overall design includes HFSC-RingKO and HFSC-WT RNA-seq (HFSC = hair follicle stem cells)",include || include,include
GSE115649,Gene expression profiling of Dermal Papilla (DP) cells isolated from wild type (WT) and DP-specific Smo gain-of-function (Smo*) mutant mice during both telogen (at P20) and anagen (at P28).,include,include,实验设计明确包含毛囊、头皮、毛周期或相关细胞/样本,include,0.98,Dermal papilla cells and hair cycle regulation,"The study directly assays dermal papilla cells, a core hair follicle compartment, and investigates hair cycle stage transitions, making it central to hair biology.",Title specifies Dermal Papilla (DP) cells isolated from mice || Study compares telogen (P20) and anagen (P28) hair cycle stages || DP-specific Smo gain-of-function mutant directly targets hair follicle biology,include || include,include
GSE132129,Low-dose quercetin positively regulates mouse healthspan,exclude,exclude,毛发/脱发仅作为药物适应证、不良事件、临床表现或次要结局出现,exclude,0.9,geroprotective effects of quercetin on healthspan,Hair loss is mentioned as a secondary phenotype in a broader aging study; the omics experiment does not directly assay hair follicle tissue or address hair biology as a primary question.,"Summary states 'less hair loss' as one of several healthspan improvements, but the study's primary focus is geroprotection and cellular senescence across multiple tissues. || Overall design is transcriptome analysis of three tissues (not specified as hair follicle) upon quercetin treatment, with no indication that hair follicle biology is a central endpoint.",exclude || exclude,exclude
GSE108709,Hair growth is induced by blockade of macrophage-derived oncostatin M and JAK-STAT5 signaling in hair follicle stem cells.,include,include,实验设计明确包含毛囊、头皮、毛周期或相关细胞/样本,include,0.95,Hair follicle stem cell quiescence and hair cycle regulation by macrophage-derived OSM,"The study directly investigates hair follicle stem cell quiescence and hair cycle regulation, with scRNA-seq designed to identify the cellular source of a key signaling molecule in telogen.","Title explicitly states hair growth induction and hair follicle stem cells || Summary describes OSM maintaining quiescence of hair follicle stem cells and regulating hair cycle telogen || Single-cell RNA sequencing identifies TREM2+ macrophages as OSM source during telogen || Inhibition of macrophages induces anagen, directly linking immune cells to hair cycle",include || include,include
GSE127971,Expression analysis of Lgr5 hair follicle stem cells following skin injury in the presence and absence of regulatory T cells,include,include,标题以毛囊、毛发生物学或脱发为主要研究主题,include,0.95,Lgr5 hair follicle stem cells,The study directly assays hair follicle stem cells (Lgr5+) as the primary biological subject.,Title explicitly states 'Lgr5 hair follicle stem cells' || Summary states goal is to identify transcripts in Lgr5 hair follicle stem cells following skin injury || Overall design describes isolation of Lgr5-traced cells from epidermis,include || include,include
GSE111061,"An Open-Label Pilot Study to Evaluate the Efficacy of Tofacitinib in Moderate to Severe Patch Type Alopecia Areata, Totalis and Universalis",include,include,实验设计明确包含毛囊、头皮、毛周期或相关细胞/样本,include,0.95,Alopecia areata treatment response,"The study directly investigates alopecia areata, a hair-loss disorder, using scalp biopsies to assess treatment response.",Title indicates study of tofacitinib in alopecia areata || Summary states gene expression profiling on scalp biopsies of alopecia areata patients || Overall design includes scalp biopsies from alopecia areata patients and controls,include || include,include
GSE125733,Transcriptomic analysis of frontal fibrosing alopecia,include,include,标题以毛囊、毛发生物学或脱发为主要研究主题,include,1.0,frontal fibrosing alopecia,"The study directly investigates frontal fibrosing alopecia, a primary hair-loss disorder, using scalp skin transcriptomics.",Title: Transcriptomic analysis of frontal fibrosing alopecia || Summary: transcriptome profiling of scalp skin from cases of frontal fibrosing alopecia and matched controls || Overall_Design: objective to identify differentially expressed genes in frontal fibrosing alopecia,include || include,include
GSE102463,Dynamic networks of lymphatic vessels interconnect nodes of neighboring hair follicles across the skin,include,include,实验设计明确包含毛囊、头皮、毛周期或相关细胞/样本,include,0.95,Dermal lymphatic remodeling and signaling in relation to hair follicle cycle,The study directly investigates hair follicle biology by profiling dermal lymphatics at specific hair cycle stages to uncover signaling networks relevant to hair follicle stem cell niche and cycling.,"Title explicitly mentions hair follicles and their neighboring lymphatic vessels || Summary states lymphatics connect hair follicles and localize near Hair Follicle Stem Cells || RNA-seq performed on isolated dermal lymphatics at two hair cycle time points (P55 mid telogen, P70 late telogen) || Study aims to understand dynamic signaling networks associated with lymphatic remodeling, immune trafficking, and HF signaling",include || include,include
GSE106767,Hair follicle stem cells sense niche integrity and recruit immune cells to contain barrier breaches,include,include,实验设计明确包含毛囊、头皮、毛周期或相关细胞/样本,include,0.98,Hair follicle stem cells and their niche integrity,"The study directly assays hair follicle stem cells and investigates their role in niche barrier function, making it central to hair follicle biology.",Title explicitly states 'Hair follicle stem cells sense niche integrity' || Summary describes HFSCs as primary biological subject and directly assayed samples || Overall design specifies FACS-purified cells from the HFSC bulge niche,include || include,include
GSE121112,Reprogramming of dermal papilla cell intact gene signature with 3D culture and Lef-1 overexpression,include,include,实验设计明确包含毛囊、头皮、毛周期或相关细胞/样本,include,0.95,dermal papilla cells,"The study directly assays dermal papilla cells, a key hair follicle component, to investigate gene signature reprogramming relevant to hair biology.",Title mentions dermal papilla cell intact gene signature || Summary states reprogramming of dermal papilla cell gene signature || Overall design uses freshly isolated dermal papilla cells as reference || All conditions involve dermal papilla cells cultured in 2D or 3D with Lef-1 overexpression,include || include,include
GSE102086,Single Cell and Open Chromatin Analysis Reveals Molecular Origin of Epidermal Cells of the Skin,include,review,存在毛发相关描述，但缺少足够的研究对象或样本证据,include,0.9,Epidermal cell fate specification including hair follicle appendages,"The study directly investigates the developmental origin of hair follicles as skin appendages, with dermal condensate formation being a key hair follicle biology process.","Title mentions 'Skin' and 'Epidermal Cells', but summary explicitly states 'Skin and its appendages such as hair follicle and sweat gland are formed by Keratin-5 expressing (Krt5+) epidermal cells' || Summary discusses 'dermal condensate' which is a precursor to hair follicle dermal papilla || Study investigates molecular cascades during fate specification of epidermal cells that give rise to hair follicles || Overall design uses single-cell RNA-seq on early epidermis from control and P63KO mice, which likely captures hair follicle progenitor populations",include || include,review
GSE97213,Single Cell and Open Chromatin Analysis Reveals Molecular Origin of Epidermal Cells of the Skin,include,review,存在毛发相关描述，但缺少足够的研究对象或样本证据,include,0.9,Epidermal cell fate specification and hair follicle development,"The study directly investigates the molecular origin of epidermal cells that form hair follicles, including dermal condensate formation, making it relevant to hair follicle biology.","Title mentions 'Skin' and 'Epidermal Cells', but summary explicitly states 'Skin and its appendages such as hair follicle and sweat gland are formed by Keratin-5 expressing (Krt5+) epidermal cells' || Summary discusses 'priming the underlying dermal cells to form dermal condensate', which is a key structure in hair follicle development || Study investigates molecular cascades during fate specification of epidermal cells that give rise to hair follicles || Overall design includes RNA-seq and ATAC-seq on early epidermis from Ctrl and P63KO mice, relevant to hair follicle biology",include || include,review
GSE112671,"Single cell RNA-seq analysis in dermis of SM22rtTA; tetO-Cre; R26-Tomato (SM22-Tomato, control) and SM22rtTA; tetO-Cre; R26-SmoM2/Tomato (SM22-SmoM2/Tomato, forced Hh activation in wound dermis) at 3 days after complete reepithelialization",include,review,存在毛发相关描述，但缺少足够的研究对象或样本证据,include,0.95,Hair follicle neogenesis in wounded skin via dermal Hedgehog activation,"The study directly investigates hair follicle neogenesis as a primary endpoint, with scRNA-seq profiling of dermal cells under conditions that induce new hair follicle formation.",Title states 'forced Hh activation in wound dermis' and 'hair follicle neogenesis' || Summary: 'dermal Hh activation is sufficient to induce hair follicle neogenesis in wounded skin' || Overall design: scRNA-seq of dermis after wound reepithelialization with Hh activation,include || include,review
GSE94893,"RNA-seq analysis in dermis and epidermis of WT (control), LSL-Shh (Shh overexpression in epidermis), and E14.5d skin",include,review,存在毛发相关描述，但缺少足够的研究对象或样本证据,include,0.95,Hair follicle neogenesis induced by Shh overexpression in epidermis,"The study directly investigates hair follicle neogenesis, a central hair biology process, using RNA-seq on relevant skin compartments.","Title mentions Shh overexpression in epidermis and E14.5d skin, a developmental stage relevant to hair follicle formation. || Summary states Shh overexpression induces hair follicle neogenesis in wounded skin. || Overall design includes dermis and epidermis from WT, LSL-Shh, and E14.5d skin, directly assaying tissues involved in hair follicle development.",include || include,review
GSE119118,Gene expression profile in mouse back skin after cyclophosphamide treatment,include,include,实验设计明确包含毛囊、头皮、毛周期或相关细胞/样本,include,0.95,Chemotherapy-induced alopecia in mouse back skin,"The study directly investigates chemotherapy-induced alopecia using a mouse model, with samples taken from back skin during induced anagen, making hair follicle biology the central subject.","Title: Gene expression profile in mouse back skin after cyclophosphamide treatment || Summary: Chemotherapy-induced hair loss (alopecia; CIA) is a highly distressing adverse effect... We analysis the changes of mRNA profiles at different time points after cyclophosphamide treatment using Next-generation Sequencing in a mouse model of CIA. || Overall Design: Active hair growth (anagen) was induced in the back skin by wax-depilation... Cyclophosphamide... injected at day 9 post-depilation... Mouse back skin samples were taken before (T0) or at 6hr, 12hr, 24hr, and 48hr after CYP treatment.",include || include,include
GSE116815,Generation of trichogenic adipose-derived stem cells by expression of three factors,include,include,标题以毛囊、毛发生物学或脱发为主要研究主题,include,0.95,Trichogenic adipose-derived stem cells for hair regeneration,"The study directly investigates hair follicle regeneration using engineered stem cells, with hair biology as the central endpoint.",Title: Generation of trichogenic adipose-derived stem cells by expression of three factors || Summary: tfASCs have similar characteristics as dermal papilla cells and enhanced hair-regenerative potential || Summary: tfASCs can make new hair follicles in a hair reconstitution assay || Summary: The study aims to enhance hair inductivity of ASCs for hair regeneration,include || include,include
GSE110459,Identification of transcriptional targets of FGF20.,include,review,存在毛发相关描述，但缺少足够的研究对象或样本证据,include,0.95,FGF20 transcriptional targets in embryonic dermis during hair follicle dermal condensate development,The study directly investigates molecular mechanisms of hair follicle development by profiling FGF20 targets in embryonic dermis at a stage crucial for dermal condensate formation.,"Fgf20 is expressed from the hair follicle placode and is required for development of the dermal condensate || RNAseq to identify immediate transcriptional targets of FGF20 in Fgf20-/- dermis at E13.5, a timepoint immediately prior to dermal condensate initiation || Dermal condensate is a critical hair follicle structure",include || include,review
GSE93833,"Basal hair follicle stem cell mRNA expression levels of mice at 3, 19 and 24 months of age",include,include,实验设计明确包含毛囊、头皮、毛周期或相关细胞/样本,include,0.98,hair follicle stem cells during aging,The study directly assays hair follicle stem cells as the primary biological subject to investigate aging-related gene expression changes.,Title explicitly states 'Basal hair follicle stem cell mRNA expression levels' || Summary mentions 'gene signatures on HFSCs (CD49f High/Cd34+) during normal chronological aging' || Overall design describes isolation of hair follicle stem cells from mouse skin using FACS,include || include,include
GSE102291,The microRNA-200 family mediates hair follicle development through coordinated regulation of cell adhesion and polarity,include,include,实验设计明确包含毛囊、头皮、毛周期或相关细胞/样本,include,0.95,Hair follicle development and stem cell specification,"The study directly investigates hair follicle development using hair germ samples, making it central to hair biology.",Title mentions hair follicle development || Summary states 'microRNA-200 family governs hair morphogenesis and fine-tunes stem cell specification' || Overall design includes hair germ (HG) as a profiled sample,include || include,include
GSE104022,Molecular consequences of Dlx3 deletion by tamoxifen inducible K14 Cre in adult mouse epidermis (P42-P46) as determined by RNASeq analysis,exclude,review,存在毛发相关描述，但缺少足够的研究对象或样本证据,include,0.9,Epidermal and hair follicle differentiation role of DLX3,"DLX3 is directly implicated in hair follicle differentiation, and the study examines molecular changes in skin compartments relevant to hair biology.",Summary states DLX3 is involved in epidermal and hair follicle differentiation || Study uses K14CreERT which targets basal keratinocytes including hair follicle stem cells || Transcriptome analysis of epidermis and dermis from skin with acute Dlx3 deletion,include || include,review
GSE100876,Temporal Layering of Signaling Effectors Drives Chromatin Remodeling during Hair Follicle Stem Cell Lineage Progression,include,include,标题以毛囊、毛发生物学或脱发为主要研究主题,include,0.95,Hair follicle stem cell lineage progression,"The study directly investigates hair follicle stem cells and their lineage progression, which is a core hair biology topic.",Title explicitly states 'Hair Follicle Stem Cell Lineage Progression' || Study focuses on chromatin remodeling during hair follicle stem cell differentiation,include || include,include
GSE100874,Temporal Layering of Signaling Effectors Drives Chromatin Remodeling during Hair Follicle Stem Cell Lineage Progression [RNA-seq],include,include,实验设计明确包含毛囊、头皮、毛周期或相关细胞/样本,include,0.95,Hair follicle stem cell lineage progression,The study directly assays hair follicle stem cells to investigate lineage progression during hair regeneration.,Title explicitly states 'Hair Follicle Stem Cell Lineage Progression' || Summary describes using hair follicles as a model for tissue regeneration and SC lineage choices || Overall design uses activated hair germ stem cells purified after hair depilation,include || include,include
GSE101451,"Transcripotome analysis of different locations of hair follicles (bulb, bulge) in androgenetic alopecia",include,include,实验设计明确包含毛囊、头皮、毛周期或相关细胞/样本,include,0.98,Hair follicle bulb and bulge transcriptomes in androgenetic alopecia,"The study directly assays hair follicle compartments (bulb, bulge) to investigate androgenetic alopecia, a primary hair-loss disorder.",Title explicitly states transcriptome analysis of hair follicle bulb and bulge in androgenetic alopecia || Summary describes profiling of different hair follicle locations in balding and non-balding areas of AGA patients and normal controls || Overall design details microdissection of hair follicles into bulb and bulge portions from AGA patients and controls,include || include,include
GSE85039,A multi-scale model for hair follicle reveals heterogeneous skin domains drive rapid spatiotemporal hair growth patterning,include,include,标题以毛囊、毛发生物学或脱发为主要研究主题,include,0.95,Hair follicle growth patterning across skin regions,"The study's primary focus is hair follicle growth patterning, using skin transcriptomes to investigate spatiotemporal regulation, which directly addresses hair biology.","Title explicitly states 'hair follicle reveals heterogeneous skin domains drive rapid spatiotemporal hair growth patterning' || Summary mentions transcriptomes of whole skin from different anatomic regions at post-natal time points, which is directly relevant to hair follicle biology || Study aims to understand hair growth patterning, a central hair biology question",include || include,include
GSE86962,Profiling of CD34+ hair follicle stem cells,include,include,实验设计明确包含毛囊、头皮、毛周期或相关细胞/样本,include,0.98,CD34+ hair follicle stem cells,The study directly assays hair follicle stem cells as the primary biological subject.,Title: Profiling of CD34+ hair follicle stem cells || Summary: RNA isolated from CD49f+/CD34+/GFP- hair follicle stem cells || Overall design: Gene expression profiling of hair follicle stem cells,include || include,include
GSE76102,Transcriptional profiling of hair follicle stem cells in the presence and absence of Regulatory T-cells,include,include,实验设计明确包含毛囊、头皮、毛周期或相关细胞/样本,include,0.98,Hair follicle stem cells and their regulation by regulatory T-cells during hair cycle,"The study directly assays hair follicle stem cells and investigates their role in hair follicle cycling, making it central to hair biology.",Title explicitly states 'Transcriptional profiling of hair follicle stem cells' || Summary describes purification of hair follicle stem cells (HFSCs) based on surface markers || Study goal is to understand Treg modulation of tissue stem cell behavior in the context of hair follicle cycling || Overall design specifies mRNA profiles of HFSCs isolated from mouse dorsal skin after depilation-induced anagen,include || include,include
GSE80688,Safety and Efficacy of the JAK Inhibitor Tofacitinib Citrate for Alopecia Areata and Variants,include,include,实验设计明确包含毛囊、头皮、毛周期或相关细胞/样本,include,0.95,Alopecia Areata treatment response,"The study directly investigates Alopecia Areata, a hair-loss disorder, using scalp biopsies as the primary sample, making it highly relevant to hair biology.",Title explicitly states study of JAK inhibitor for Alopecia Areata || Summary describes RNA-seq from scalp biopsies of Alopecia Areata patients before and during treatment || Overall design confirms biopsies taken from scalp of Alopecia Areata patients,include || include,include
GSE90848,Epithelial-Mesenchymal Micro-Niches Govern Stem Cell Lineage Choices (SC RNA-Seq),include,include,摘要明确说明毛囊/脱发相关组学对象，且未被无关实验设计否定,include,0.95,Hair follicle stem cells and transit-amplifying cells,"The study directly assays hair follicle stem cells and progenitors to investigate lineage choices and niche heterogeneity, making it central to hair biology.",Title mentions 'Stem Cell Lineage Choices' and the study uses hair follicles as the model system. || Summary explicitly states 'unearth unexpected heterogeneity among SCs and TACs of hair follicles'. || Summary describes 'micro-niches along epithelial-mesenchymal interfaces' within hair follicles. || Overall design indicates single-cell RNA-seq of hair follicle cell types.,include || include,include
GSE90847,Epithelial-Mesenchymal Micro-Niches Govern Stem Cell Lineage Choices (bulk RNA-Seq),include,include,实验设计明确包含毛囊、头皮、毛周期或相关细胞/样本,include,0.95,Hair follicle stem cells and transit-amplifying cells,The study directly assays hair follicle stem cells and progenitors to investigate lineage choices and micro-niche regulation.,"Title mentions 'Stem Cell Lineage Choices' in the context of hair follicles || Summary explicitly states 'heterogeneity among SCs and TACs of hair follicles' || Overall design describes FACS-purified hair follicle stem cells, ORS, basal and suprabasal hair bulb cells",include || include,include
GSE89928,Wounds That Never Heal? Stem Cell Lineage Infidelity at the Crossroads of Wound-Repair and Cancer,include,review,存在毛发相关描述，但缺少足够的研究对象或样本证据,include,0.9,Hair follicle stem cells and their lineage plasticity in wound repair and cancer,"The study directly assays hair follicle stem cells and investigates their lineage fidelity, making hair follicle biology a primary subject.","Title mentions stem cell lineage infidelity in wound-repair and cancer, with skin as the context. || Summary states: 'stem cells of the epidermis and hair follicle remain faithfully restricted to fueling their own tissue during homeostasis' and 'breakdown of stem cell lineage confinement... is obligatory for malignancy'. || Overall design describes ATAC-seq and transcriptional profiling on homeostatic, wound-induced, and tumorigenic stem cell populations, which include hair follicle stem cells.",include || include,review
GSE41287,Digital gene expression profiling of mouse skin gene expression after cyclophosphamide (CYP) treatment,include,include,实验设计明确包含毛囊、头皮、毛周期或相关细胞/样本,include,0.95,Chemotherapy-induced hair loss and Shh signaling in mouse skin,"The study directly investigates the molecular mechanisms of chemotherapy-induced hair loss using mouse skin with induced hair growth, making hair follicle biology a central subject.","Title mentions mouse skin gene expression after cyclophosphamide treatment, a chemotherapy agent known to cause hair loss. || Summary states the study uses mouse hair as a model to investigate chemotherapy-induced tissue damage and hair loss. || Overall design describes depilation to induce active hair growth before treatment, and RNA extraction from whole skin to study hair follicle response.",include || include,include
GSE88989,Cell type-specific chromatin states differentially prime squamous cell carcinoma tumor-initiating cells for epithelial to mesenchymal transition [RNA-seq],include,review,存在毛发相关描述，但缺少足够的研究对象或样本证据,include,0.95,Hair follicle stem cell-derived squamous cell carcinomas and their chromatin states,"The study directly compares hair follicle stem cell-derived tumors to interfollicular epidermis-derived tumors, making hair follicle biology a central component of the experimental design and scientific question.",Summary states: 'hair follicle (HF) stem cell-derived SCCs frequently exhibit EMT' || Summary states: 'Transcriptional and epigenomic profiling revealed IFE and HF tumor-initiating cells possess distinct chromatin landscapes' || Title mentions 'Cell type-specific chromatin states' and the study compares IFE vs HF derived tumors,include || include,review
GSE74283,Epithelial cell RNA-seq in aged skin,include,review,存在毛发相关描述，但缺少足够的研究对象或样本证据,include,0.95,hair follicle stem cells,The study directly assays hair follicle stem cells as a primary biological subject.,Title mentions epithelial cell RNA-seq in aged skin || Summary explicitly states transcriptional analysis of hair follicle stem cells || Overall design includes isolation of epithelial keratinocytes from young and aged mice,include || include,review
GSE80082,Integrin signaling regulates YAP/TAZ to control skin homeostasis,exclude,review,存在毛发相关描述，但缺少足够的研究对象或样本证据,exclude,0.9,YAP/TAZ signaling in skin homeostasis and wound healing,Hair loss is a secondary phenotype in a study primarily about YAP/TAZ signaling in general skin homeostasis and wound healing; no hair follicle-specific samples or alopecia-focused question.,"Title: 'Integrin signaling regulates YAP/TAZ to control skin homeostasis' || Summary: focuses on basal layer stem/progenitor cells, wound healing, and squamous epithelia; hair loss is mentioned as a phenotype of YAP/TAZ deletion but not the primary subject || Overall_Design: experiments use A431 and HaCAT cell lines, not hair follicle-derived cells",exclude || exclude,review
GSE78606,total RNA-seq from hair follicle dermal papilla cell (ENCSR000CUB),include,include,标题以毛囊、毛发生物学或脱发为主要研究主题,include,1.0,hair follicle dermal papilla cells,"The study directly assays hair follicle dermal papilla cells, a primary biological subject in hair biology.","Title: total RNA-seq from hair follicle dermal papilla cell || Summary: hair follicle dermal papilla primary whole cells, HFDPC isolated from independent donors",include || include,include
GSE77197,Signaling networks of developing hair follicles,include,include,标题以毛囊、毛发生物学或脱发为主要研究主题,include,0.98,Developing hair follicle cell populations and signaling networks,"The study directly assays hair follicle cell populations to investigate signaling networks during development, making it a primary hair biology dataset.","Title explicitly states 'Signaling networks of developing hair follicles' || Summary describes isolation of 14 major skin and HF cell populations, including dermal papilla, stem cell precursors, and transit amplifying cells || Study aims to characterize transcriptomes and signaling interactions regulating hair follicle morphogenetic growth || Overall design involves FACS isolation of specific cell types from P5 mouse back skin, a stage of active hair follicle development",include || include,include
GSE77997,"Quantitative Analysis of Notch mutant (Notch1&2-null, Psen1&2-null, RBPjk-null) and wild-type hair follicle transcriptomes by NGS",include,include,实验设计明确包含毛囊、头皮、毛周期或相关细胞/样本,include,0.95,Notch signaling in hair follicle biology,The study directly assays hair follicle transcriptomes to investigate Notch signaling in hair follicle biology.,Title explicitly states analysis of hair follicle transcriptomes || Summary mentions RBPjk-null Hair Follicles and conversion to TSLP-producing keratin cysts || Overall design compares Notch mutant hair follicles to wild-type controls,include || include,include
GSE77256,RNA-seq analysis of hair follicle stem cell transcriptome upon loss of the transcription factor FOXC1,include,include,实验设计明确包含毛囊、头皮、毛周期或相关细胞/样本,include,1.0,hair follicle stem cell transcriptome,"The study directly assays hair follicle stem cells to investigate gene expression changes upon FOXC1 loss, making hair follicle biology the primary subject.",Title: RNA-seq analysis of hair follicle stem cell transcriptome upon loss of the transcription factor FOXC1 || Summary: downstream gene expression changes in stem cells of the adult mouse hair follicle || Overall_Design: mRNA-sequencing of WT vs. Foxc1-conditional or inducible KO hair follicle stem cells (HFSCs) purified from mouse dorsal back skin,include || include,include
GSE67404,Foxc1 reinforces quiescence in hair follicle stem cells,include,include,实验设计明确包含毛囊、头皮、毛周期或相关细胞/样本,include,0.95,Hair follicle stem cell quiescence and activation,"The study directly assays hair follicle stem cells and investigates mechanisms of quiescence and activation in the hair cycle, making it central to hair biology.","Title: Foxc1 reinforces quiescence in hair follicle stem cells || Summary: explicitly studies mouse hair follicle stem cell compartment, quiescence, and activation || Overall_Design: RNA-seq on HFSCs (hair follicle stem cells) isolated at anagen and early telogen stages of hair cycle",include || include,include
GSE77135,Strong Components of Epigenetic Memory in Cultured Human Fibroblasts Related to Site of Origin and Donor Age (Methylation),exclude,review,存在毛发相关描述，但缺少足够的研究对象或样本证据,exclude,0.95,Epigenetic memory in cultured fibroblasts from scalp and dura,"The study uses scalp-derived fibroblasts to investigate epigenetic memory related to site of origin and donor age, not hair follicle biology or alopecia. Hair follicles are not assayed or central to the research question.","Title: 'Strong Components of Epigenetic Memory in Cultured Human Fibroblasts Related to Site of Origin and Donor Age (Methylation)' || Summary: 'We hypothesized that these differences in culture success were related to epigenetic differences between the cultured fibroblasts by sampling location...' || Overall_Design: 'We measured DNA methylation (DNAm) levels from scalp- and dura-derived cultured fibroblasts...' || Scalp is used only as a source of fibroblasts for studying epigenetic memory, not hair follicle biology.",exclude || exclude,review
GSE77131,Strong Components of Epigenetic Memory in Cultured Human Fibroblasts Related to Site of Origin and Donor Age (RNA-Seq),exclude,review,存在毛发相关描述，但缺少足够的研究对象或样本证据,exclude,0.95,cultured fibroblasts from scalp and dura,"Scalp is only a sampling site for fibroblasts; the study investigates epigenetic memory in cultured fibroblasts, not hair follicle biology or alopecia.","Title: Strong Components of Epigenetic Memory in Cultured Human Fibroblasts Related to Site of Origin and Donor Age (RNA-Seq) || Summary: compares scalp-derived vs dura-derived fibroblasts for epigenetic memory, not hair follicle biology || Overall_Design: RNA-seq on cultured fibroblasts from scalp and dura; no mention of hair follicle, alopecia, or hair cycle",exclude || exclude,review
GSE71621,Cell type-specific chromatin states differentially prime squamous cell carcinoma tumor-initiating cells for epithelial to mesenchymal transition,include,review,存在毛发相关描述，但缺少足够的研究对象或样本证据,include,0.95,Hair follicle stem cell-derived squamous cell carcinomas and their chromatin states,"The study directly assays hair follicle stem cell-derived tumors and investigates their chromatin and transcriptional states, making hair follicle biology central to the experimental design.",Summary states: 'hair follicle (HF) stem cell-derived SCCs frequently exhibit EMT' || Study compares tumors from intrafollicular epidermis and hair follicle stem cells || Hair follicle stem cells are a primary biological subject and directly assayed,include || include,review
GSE68846,RNA sequencing of ILK-deficient hair follicle bulge stem cells,include,include,实验设计明确包含毛囊、头皮、毛周期或相关细胞/样本,include,1.0,hair follicle bulge stem cells,"The study directly assays hair follicle bulge stem cells, a primary biological subject in hair biology.",Title: RNA sequencing of ILK-deficient hair follicle bulge stem cells || Summary: We sequenced mRNA from FACS purified hair follicle bulge stem cells from 21 d old control and ILK-deficient mice || Overall_Design: Examination of mRNA levels in control and ILK-deficient hair follicle bulge stem cells,include || include,include
GSE64091,Transcriptional profiling of cutaneous Mrgprd free nerve endings and C-LTMRs,exclude,exclude,组学对象是感觉神经元/触觉亚型，毛囊仅作为神经支配的解剖背景,exclude,0.95,sensory neuron subtypes (Mrgprd+ free nerve endings and C-LTMRs),"The study profiles sensory neuron subtypes, not hair follicle cells or alopecia. Hair follicle innervation is mentioned only as anatomical context for C-LTMRs, but the assayed samples are purified neurons, and the scientific question concerns touch sensation, not hair biology.","Title: 'Transcriptional profiling of cutaneous Mrgprd free nerve endings and C-LTMRs' || Summary: 'Cutaneous C-unmyelinated free nerve endings and hair follicles-innervating C-LTMRs convey two opposite aspects of touch sensation...' || Overall_Design: 'RNA profiles of FACS-sorted subsets of sensory neurons, namely Mrgprd+ neurons... C-LTMRs...'",exclude || exclude,exclude
GSE61506,BMP Signaling and Its pSMAD1/5 Target Genes Differentially Regulate Hair Follicle Stem Cell Lineages,include,include,标题以毛囊、毛发生物学或脱发为主要研究主题,include,1.0,Hair follicle stem cell lineages regulated by BMP signaling,"The study directly assays hair follicle stem cells and investigates their lineage regulation, making it central to hair biology.",Title explicitly states 'Hair Follicle Stem Cell Lineages' || Study investigates BMP signaling and pSMAD1/5 target genes in hair follicle stem cells,include || include,include
GSE61505,RNA-Seq in hair follicle stem cell lineage,include,include,实验设计明确包含毛囊、头皮、毛周期或相关细胞/样本,include,1.0,Hair follicle stem cells and transit amplifying cells,"The study directly assays hair follicle stem cells and their progeny, making hair follicle biology the central subject.","Title: RNA-Seq in hair follicle stem cell lineage || Summary: purified hair follicle stem cells (HFSCs) and their direct progeny, transit amplifying cells (TACs) || Overall_Design: loss of Bmpr1a in HFSC or TACs using hair follicle-specific Cre lines",include || include,include
GSE54424,SOX9: a Stem Cell Transcriptional Regulator of Secreted Niche Signaling Factors,include,include,实验设计明确包含毛囊、头皮、毛周期或相关细胞/样本,include,0.95,Hair follicle stem cells,"The study directly assays hair follicle stem cells to investigate their transcriptional regulation, making it central to hair biology.","Title mentions stem cell transcriptional regulator of secreted niche signaling factors, with SOX9 known to be critical in hair follicle stem cells. || Summary explicitly states study of mouse hair follicle cycles, hair follicle stem cells (HFSCs), and SOX9-dependent transcriptional changes. || Overall design describes FACS-purified telogen quiescent hair follicle stem cells (HFSCs) for RNA-seq and ChIP-seq.",include || include,include
GSE44806,Whole genome bisulfite-seq of two healthy males.,include,include,实验设计明确包含毛囊、头皮、毛周期或相关细胞/样本,include,0.95,Hair follicle DNA methylation,Hair follicle is a directly assayed sample and a primary biological subject.,Title mentions hair follicle DNA || Summary states hair follicle DNA was assayed || Overall design includes hair follicle as a tissue,include || include,include
GSE48878,In vivo transcriptional goverance of hair follicle stem cells by canonical Wnt regulators,include,include,实验设计明确包含毛囊、头皮、毛周期或相关细胞/样本,include,1.0,hair follicle stem cells,The study directly assays hair follicle stem cells to investigate their transcriptional governance during the hair cycle.,Title mentions hair follicle stem cells and canonical Wnt regulators || Summary states HFSCs regenerate hair and are studied in native niche || Overall design specifies FACS-purified bulge HFSCs from telogen to anagen,include || include,include
