Accession,Title,Automated_Decision,Automated_Score,Automated_Reason,Final_Decision,Final_Reason,Decision_Source,Manual_Review,Evidence_Adjudication,Title_Terms,Summary_Terms,Overall_Design_Terms,Summary_Sample_Terms,Incidental_Signals,Off_Topic_Signals,Relevant_Summary_Sentences,GEO_Link
GSE303402,Human induced pluripotent stem cell-derived skin organoids recapitulate donor-specific pigmentation diversity,include,10,摘要明确说明毛囊/脱发相关组学对象，且未被无关实验设计否定,include,摘要明确说明毛囊/脱发相关组学对象，且未被无关实验设计否定,automated_rule,False,False,,hair_follicle; hair_pigmentation,,hair_follicle,,,2,https://www.ncbi.nlm.nih.gov/geo/query/acc.cgi?acc=GSE303402
GSE310777,ALKBH5 acts as an intrinsic facilitator for hair follicle telogen-to-anagen transition,include,30,实验设计明确包含毛囊、头皮、毛周期或相关细胞/样本,include,实验设计明确包含毛囊、头皮、毛周期或相关细胞/样本,automated_rule,False,False,hair_follicle; hair_cycle_stage,hair_follicle; hair_follicle_stem_cell; hair_cycle_stage; hair_cycle; hair_growth,hair_follicle; hair_follicle_stem_cell; hair_compartment,hair_cycle; hair_follicle_stem_cell,,,5,https://www.ncbi.nlm.nih.gov/geo/query/acc.cgi?acc=GSE310777
GSE280028,Developing a differentiation-inducing therapeutic strategy for sarcomatoid renal cell carcinoma,exclude,-6,毛发/脱发仅作为药物适应证、不良事件、临床表现或次要结局出现,exclude,毛发/脱发仅作为药物适应证、不良事件、临床表现或次要结局出现,automated_rule,False,False,,alopecia; androgenetic_alopecia,,,drug_indication,renal,0,https://www.ncbi.nlm.nih.gov/geo/query/acc.cgi?acc=GSE280028
GSE314972,Single-cell transcriptomic profiling of frontal fibrosing alopecia reveals preserved cellular architecture with stress-driven epithelial reprogramming and non-cytotoxic inflammation,include,20,实验设计明确包含毛囊、头皮、毛周期或相关细胞/样本,include,实验设计明确包含毛囊、头皮、毛周期或相关细胞/样本,automated_rule,False,False,alopecia,root_sheath; hair_loss; alopecia; scalp,alopecia; scalp,scalp,clinical_manifestation,,2,https://www.ncbi.nlm.nih.gov/geo/query/acc.cgi?acc=GSE314972
GSE334860,Transcriptome analysis of circSmad5 knockdown in immortalized hair follicle stem cells (iHFSC2),include,26,实验设计明确包含毛囊、头皮、毛周期或相关细胞/样本,include,实验设计明确包含毛囊、头皮、毛周期或相关细胞/样本,automated_rule,False,False,hair_follicle; hair_follicle_stem_cell,hair_follicle; hair_follicle_stem_cell,hair_follicle_stem_cell,hair_follicle; hair_follicle_stem_cell,,,2,https://www.ncbi.nlm.nih.gov/geo/query/acc.cgi?acc=GSE334860
GSE303778,Roles of Msx2 in Exogen Control: Modulating the Stem Cell Niche During the Transition from Hair Shedding to Regeneration [ATAC-Seq],include,30,实验设计明确包含毛囊、头皮、毛周期或相关细胞/样本,include,实验设计明确包含毛囊、头皮、毛周期或相关细胞/样本,automated_rule,False,False,hair_cycle_stage; hair_loss,hair_follicle; hair_follicle_stem_cell; hair_cycle_stage; hair_cycle; hair_growth; hair_loss,hair_follicle; hair_follicle_stem_cell; hair_cycle_stage; hair_cycle,hair_cycle_stage; hair_follicle_stem_cell; hair_growth,,,5,https://www.ncbi.nlm.nih.gov/geo/query/acc.cgi?acc=GSE303778
GSE303779,Roles of Msx2 in exogen control: Modulating stem cell niche during the transition from hair shedding to regeneration [RNA-Seq],include,30,实验设计明确包含毛囊、头皮、毛周期或相关细胞/样本,include,实验设计明确包含毛囊、头皮、毛周期或相关细胞/样本,automated_rule,False,False,hair_cycle_stage; hair_loss,hair_follicle; hair_follicle_stem_cell; hair_cycle_stage; hair_cycle; hair_growth; hair_loss,hair_follicle; hair_follicle_stem_cell; hair_cycle_stage; hair_cycle,hair_cycle_stage; hair_follicle_stem_cell; hair_growth,,,5,https://www.ncbi.nlm.nih.gov/geo/query/acc.cgi?acc=GSE303779
GSE144322,Profiling anagen skin in control and Fgf5 mutant mice,include,21,实验设计明确包含毛囊、头皮、毛周期或相关细胞/样本,include,实验设计明确包含毛囊、头皮、毛周期或相关细胞/样本,automated_rule,False,False,hair_cycle_stage,hair_cycle_stage; hair_growth,hair_cycle_stage,hair_cycle_stage; hair_growth,,,1,https://www.ncbi.nlm.nih.gov/geo/query/acc.cgi?acc=GSE144322
GSE325704,Effect of Activated Hair Follicle Stem Cells on Gene Expression During Hair Regrowth in Mice,include,14,标题以毛囊、毛发生物学或脱发为主要研究主题,include,标题以毛囊、毛发生物学或脱发为主要研究主题,automated_rule,False,False,hair_follicle; hair_follicle_stem_cell; hair_growth,hair_follicle; hair_follicle_stem_cell; hair_cycle_stage; hair_cycle; hair_growth,,,,,3,https://www.ncbi.nlm.nih.gov/geo/query/acc.cgi?acc=GSE325704
GSE330568,Venlafaxine reverses chemotherapy-induced alopecia through epithelial and dermal reprogramming at single-cell resolution,include,18,标题以毛囊、毛发生物学或脱发为主要研究主题,include,标题以毛囊、毛发生物学或脱发为主要研究主题,automated_rule,False,False,alopecia,hair_follicle; hair_compartment; hair_loss; alopecia,,hair_compartment; hair_follicle,,,4,https://www.ncbi.nlm.nih.gov/geo/query/acc.cgi?acc=GSE330568
GSE303486,Transcriptome-guided development of a fibrosis-reversal compound reduces skin scarring and allows regeneration via mitochondrial uncoupling [DRUG-seq2],exclude,-3,毛发/脱发仅作为药物适应证、不良事件、临床表现或次要结局出现,exclude,毛发/脱发仅作为药物适应证、不良事件、临床表现或次要结局出现,automated_rule,False,False,,hair_follicle,,,outcome_only,,0,https://www.ncbi.nlm.nih.gov/geo/query/acc.cgi?acc=GSE303486
GSE303487,Transcriptome-guided development of a fibrosis-reversal compound reduces skin scarring and allows regeneration via mitochondrial uncoupling [RNA-seq],exclude,-3,毛发/脱发仅作为药物适应证、不良事件、临床表现或次要结局出现,exclude,毛发/脱发仅作为药物适应证、不良事件、临床表现或次要结局出现,automated_rule,False,False,,hair_follicle,,,outcome_only,,0,https://www.ncbi.nlm.nih.gov/geo/query/acc.cgi?acc=GSE303487
GSE328626,Transcriptome Analysis of Palmitic Acid-treated Human Primary Hair Follicle Stem Cells,include,29,实验设计明确包含毛囊、头皮、毛周期或相关细胞/样本,include,实验设计明确包含毛囊、头皮、毛周期或相关细胞/样本,automated_rule,False,False,hair_follicle; hair_follicle_stem_cell,hair_follicle; hair_follicle_stem_cell,hair_follicle; hair_follicle_stem_cell,hair_follicle; hair_follicle_stem_cell,,,3,https://www.ncbi.nlm.nih.gov/geo/query/acc.cgi?acc=GSE328626
GSE300342,H3K9me3 controls epidermis development by repressing RNA Pol II activity on key promoters and enhancers [bulk RNA-Seq],review,1,存在毛发相关描述，但缺少足够的研究对象或样本证据,include,胚胎表皮基底细胞组学直接研究毛囊形成缺陷。,manual_boundary_review,True,False,,hair_follicle,,,,,0,https://www.ncbi.nlm.nih.gov/geo/query/acc.cgi?acc=GSE300342
GSE300343,H3K9me3 controls epidermis development by repressing RNA Pol II activity on key promoters and enhancers [CUT&Run],review,1,存在毛发相关描述，但缺少足够的研究对象或样本证据,include,胚胎表皮染色质数据直接研究毛囊形成缺陷。,manual_boundary_review,True,False,,hair_follicle,,,,,0,https://www.ncbi.nlm.nih.gov/geo/query/acc.cgi?acc=GSE300343
GSE300346,H3K9me3 controls epidermis development by repressing RNA Pol II initiation on key promoters and enhancers [scRNA-seq],review,1,存在毛发相关描述，但缺少足够的研究对象或样本证据,include,单细胞数据覆盖毛囊形成相关的胚胎表皮谱系。,manual_boundary_review,True,False,,hair_follicle,,,,,0,https://www.ncbi.nlm.nih.gov/geo/query/acc.cgi?acc=GSE300346
GSE318406,H3K9me3 controls epidermis development by repressing RNA Pol II activity on key promoters and enhancers [CUT&Run - Temporal],review,1,存在毛发相关描述，但缺少足够的研究对象或样本证据,include,时间序列表皮染色质数据用于解释毛囊形成过程。,manual_boundary_review,True,False,,hair_follicle,,,,,0,https://www.ncbi.nlm.nih.gov/geo/query/acc.cgi?acc=GSE318406
GSE294435,Transcription Elongation Factor SPT6 Maintains Epidermal Homeostasis and Suppresses Skin Inflammation in Mice,review,3,存在毛发相关描述，但缺少足够的研究对象或样本证据,include,单细胞表皮研究明确将毛囊发育作为主要生物学表型之一。,manual_boundary_review,True,False,,hair_follicle,,,,,1,https://www.ncbi.nlm.nih.gov/geo/query/acc.cgi?acc=GSE294435
GSE325671,Single-cell RNA-seq profiling of the DHT-induced androgenetic alopecia (AGA) mouse model treated with anti-DKK3 antibody,include,12,标题以毛囊、毛发生物学或脱发为主要研究主题,include,标题以毛囊、毛发生物学或脱发为主要研究主题,automated_rule,False,False,alopecia; androgenetic_alopecia,hair_follicle; alopecia; androgenetic_alopecia,,,,,1,https://www.ncbi.nlm.nih.gov/geo/query/acc.cgi?acc=GSE325671
GSE316832,Comprehensive single-cell transcriptomic profiling of the scalp from patients with moderate-to-severe alopecia areata,include,30,实验设计明确包含毛囊、头皮、毛周期或相关细胞/样本,include,实验设计明确包含毛囊、头皮、毛周期或相关细胞/样本,automated_rule,False,False,alopecia; scalp,hair_follicle; hair_loss; alopecia; scalp,alopecia; scalp,alopecia; hair_follicle; scalp,,,4,https://www.ncbi.nlm.nih.gov/geo/query/acc.cgi?acc=GSE316832
GSE277257,Gene expression profile in Shh-expressing cells of hair follicles in mouse during CIA,include,21,实验设计明确包含毛囊、头皮、毛周期或相关细胞/样本,include,实验设计明确包含毛囊、头皮、毛周期或相关细胞/样本,automated_rule,False,False,hair_follicle,hair_follicle; alopecia,hair_follicle; hair_cycle_stage; hair_loss; hair_depletion_model,hair_follicle,,,1,https://www.ncbi.nlm.nih.gov/geo/query/acc.cgi?acc=GSE277257
GSE286328,Single-Cell Chromatin Accessibility Landscape of Developing Perinatal Mouse Skin: A Multi-Omics Approach to Lineage Specification [scATAC-seq and scRNA-seq],include,7,摘要明确说明毛囊/脱发相关组学对象，且未被无关实验设计否定,include,摘要明确说明毛囊/脱发相关组学对象，且未被无关实验设计否定,automated_rule,False,False,,hair_follicle,,hair_follicle,,,1,https://www.ncbi.nlm.nih.gov/geo/query/acc.cgi?acc=GSE286328
GSE324041,HTRA1 Mutation and Expression Regulation in Cerebral Small Vessel Disease,exclude,-11,毛发/脱发仅作为药物适应证、不良事件、临床表现或次要结局出现,exclude,毛发/脱发仅作为药物适应证、不良事件、临床表现或次要结局出现,automated_rule,False,False,,alopecia,,,clinical_manifestation,blood_only; cerebrovascular,0,https://www.ncbi.nlm.nih.gov/geo/query/acc.cgi?acc=GSE324041
GSE208730,"RNA sequencing of slow-and fast-cycling epidermal stem cells vs hair follicle stem cells in murine back skin, tail skin vs oral epithelium",include,7,标题以毛囊、毛发生物学或脱发为主要研究主题,include,标题以毛囊、毛发生物学或脱发为主要研究主题,automated_rule,False,False,hair_follicle; hair_follicle_stem_cell,,,,,,0,https://www.ncbi.nlm.nih.gov/geo/query/acc.cgi?acc=GSE208730
GSE316224,ZNF750 loss in junctional zone of hair follicle and sebaceous gland leads to severe seborrheic-like psoriasiform dermatitis [day 36],include,5,标题以毛囊、毛发生物学或脱发为主要研究主题,include,标题以毛囊、毛发生物学或脱发为主要研究主题,automated_rule,False,False,hair_follicle,hair_follicle,,,,,0,https://www.ncbi.nlm.nih.gov/geo/query/acc.cgi?acc=GSE316224
GSE316225,ZNF750 loss in junctional zone of hair follicle and sebaceous gland leads to severe seborrheic-like psoriasiform dermatitis [day 50],include,5,标题以毛囊、毛发生物学或脱发为主要研究主题,include,标题以毛囊、毛发生物学或脱发为主要研究主题,automated_rule,False,False,hair_follicle,hair_follicle,,,,,0,https://www.ncbi.nlm.nih.gov/geo/query/acc.cgi?acc=GSE316225
GSE314399,The human Flower isoform hFWE4 facilitates cornification in cutaneous squamous cell carcinoma,exclude,-3,毛发/脱发仅作为药物适应证、不良事件、临床表现或次要结局出现,exclude,毛发/脱发仅作为药物适应证、不良事件、临床表现或次要结局出现,automated_rule,False,False,,hair_follicle,,,tumor_origin_background,,0,https://www.ncbi.nlm.nih.gov/geo/query/acc.cgi?acc=GSE314399
GSE315061,Effects of oxytocin receptor agonists on the hair growth ability of dermal papilla cells,include,17,实验设计明确包含毛囊、头皮、毛周期或相关细胞/样本,include,实验设计明确包含毛囊、头皮、毛周期或相关细胞/样本,automated_rule,False,False,dermal_papilla; hair_growth,dermal_papilla; hair_growth,dermal_papilla,,,,1,https://www.ncbi.nlm.nih.gov/geo/query/acc.cgi?acc=GSE315061
GSE300176,Molecular Signatures and Signaling Interactions of the Hair Follicle Stem Cell Niche,include,21,实验设计明确包含毛囊、头皮、毛周期或相关细胞/样本,include,实验设计明确包含毛囊、头皮、毛周期或相关细胞/样本,automated_rule,False,False,hair_follicle; hair_follicle_stem_cell,hair_follicle; dermal_papilla; hair_compartment; hair_cycle,dermal_papilla; hair_compartment; bulge_cells,,,,1,https://www.ncbi.nlm.nih.gov/geo/query/acc.cgi?acc=GSE300176
GSE305111,Rete ridges form via evolutionarily distinct mechanisms in mammalian skin,review,3,存在毛发相关描述，但缺少足够的研究对象或样本证据,exclude,主要研究 rete ridge，其摘要明确说明该结构独立于毛囊和汗腺形成。,manual_boundary_review,True,False,,hair_follicle,,,,,1,https://www.ncbi.nlm.nih.gov/geo/query/acc.cgi?acc=GSE305111
GSE283674,Folate receptor β performs a checkpoint function in activated macrophages,exclude,-3,毛发/脱发仅作为药物适应证、不良事件、临床表现或次要结局出现,exclude,毛发/脱发仅作为药物适应证、不良事件、临床表现或次要结局出现,automated_rule,False,False,,alopecia,,,clinical_manifestation,,0,https://www.ncbi.nlm.nih.gov/geo/query/acc.cgi?acc=GSE283674
GSE306678,SPP1+ Macrophages Contribute to Hair Growth in Contact Hypersensitivity,include,4,标题以毛囊、毛发生物学或脱发为主要研究主题,include,标题以毛囊、毛发生物学或脱发为主要研究主题,automated_rule,False,False,hair_growth,,,,,,0,https://www.ncbi.nlm.nih.gov/geo/query/acc.cgi?acc=GSE306678
GSE306510,SPP1+ Macrophages Contribute to Hair Growth in Contact Hypersensitivity [scRNA-Seq],include,4,标题以毛囊、毛发生物学或脱发为主要研究主题,include,标题以毛囊、毛发生物学或脱发为主要研究主题,automated_rule,False,False,hair_growth,,,,,,0,https://www.ncbi.nlm.nih.gov/geo/query/acc.cgi?acc=GSE306510
GSE306509,SPP1+ Macrophages Contribute to Hair Growth in Contact Hypersensitivity [bulk RNA-Seq],include,22,实验设计明确包含毛囊、头皮、毛周期或相关细胞/样本,include,实验设计明确包含毛囊、头皮、毛周期或相关细胞/样本,automated_rule,False,False,hair_growth,hair_follicle_stem_cell,hair_follicle; hair_follicle_stem_cell,hair_follicle_stem_cell,,,2,https://www.ncbi.nlm.nih.gov/geo/query/acc.cgi?acc=GSE306509
GSE279380,Sympathetic Neuron Hyperactivation Drives Hair Follicle Necrosis and T Cell Autoreactivity,include,11,标题以毛囊、毛发生物学或脱发为主要研究主题,include,标题以毛囊、毛发生物学或脱发为主要研究主题,automated_rule,False,False,hair_follicle,hair_follicle; hair_follicle_stem_cell; hair_loss,,,,,2,https://www.ncbi.nlm.nih.gov/geo/query/acc.cgi?acc=GSE279380
GSE310020,TGFα is Required for Hair Follicle Function During Aging and its Loss Leads to Progressive Alopecia,include,7,标题以毛囊、毛发生物学或脱发为主要研究主题,include,标题以毛囊、毛发生物学或脱发为主要研究主题,automated_rule,False,False,hair_follicle; alopecia,,,,,,0,https://www.ncbi.nlm.nih.gov/geo/query/acc.cgi?acc=GSE310020
GSE295605,Dermal adipocytes activate hair follicle stem cells through metabolic communication [SDS II],include,23,实验设计明确包含毛囊、头皮、毛周期或相关细胞/样本,include,实验设计明确包含毛囊、头皮、毛周期或相关细胞/样本,automated_rule,False,False,hair_follicle; hair_follicle_stem_cell,hair_follicle; hair_follicle_stem_cell; hair_growth,hair_follicle; hair_follicle_stem_cell,,,,3,https://www.ncbi.nlm.nih.gov/geo/query/acc.cgi?acc=GSE295605
GSE239990,Dermal adipocytes activate hair follicle stem cells through metabolic communication,include,7,标题以毛囊、毛发生物学或脱发为主要研究主题,include,标题以毛囊、毛发生物学或脱发为主要研究主题,automated_rule,False,False,hair_follicle; hair_follicle_stem_cell,,,,,,0,https://www.ncbi.nlm.nih.gov/geo/query/acc.cgi?acc=GSE239990
GSE239988,Dermal adipocytes activate hair follicle stem cells through metabolic communication [SDS],include,14,标题以毛囊、毛发生物学或脱发为主要研究主题,include,标题以毛囊、毛发生物学或脱发为主要研究主题,automated_rule,False,False,hair_follicle; hair_follicle_stem_cell,hair_follicle; hair_follicle_stem_cell; hair_growth,,,,,3,https://www.ncbi.nlm.nih.gov/geo/query/acc.cgi?acc=GSE239988
GSE239986,Dermal adipocytes activate hair follicle stem cells through metabolic communication [HFSC],include,23,实验设计明确包含毛囊、头皮、毛周期或相关细胞/样本,include,实验设计明确包含毛囊、头皮、毛周期或相关细胞/样本,automated_rule,False,False,hair_follicle; hair_follicle_stem_cell,hair_follicle; hair_follicle_stem_cell; hair_growth,hair_follicle; hair_follicle_stem_cell,,,,3,https://www.ncbi.nlm.nih.gov/geo/query/acc.cgi?acc=GSE239986
GSE272333,TOWARDS THE GENERATION OF A LASER CAPTURE MICRODISSECTION-BASED HUMAN ANAGEN HAIR FOLLICLE TRANSCRIPTOME ATLAS,include,30,实验设计明确包含毛囊、头皮、毛周期或相关细胞/样本,include,实验设计明确包含毛囊、头皮、毛周期或相关细胞/样本,automated_rule,False,False,hair_follicle; hair_cycle_stage,hair_follicle; dermal_papilla; root_sheath; hair_compartment; hair_cycle_stage; scalp,dermal_papilla; root_sheath; hair_compartment; hair_cycle_stage; scalp,dermal_papilla; hair_compartment; hair_cycle_stage; hair_follicle; root_sheath; scalp,,,3,https://www.ncbi.nlm.nih.gov/geo/query/acc.cgi?acc=GSE272333
GSE216398,miR-29 is an important driver of aging-related phenotypes,exclude,-7,毛发/脱发仅作为药物适应证、不良事件、临床表现或次要结局出现,exclude,毛发/脱发仅作为药物适应证、不良事件、临床表现或次要结局出现,automated_rule,False,False,,alopecia,,,clinical_manifestation,hepatic,0,https://www.ncbi.nlm.nih.gov/geo/query/acc.cgi?acc=GSE216398
GSE305547,Regulatory T cells in skin utilize the Cxcr4-Cxcl12 axis to promote hair follicle regeneration,include,18,标题以毛囊、毛发生物学或脱发为主要研究主题,include,标题以毛囊、毛发生物学或脱发为主要研究主题,automated_rule,False,False,hair_follicle,hair_follicle; scalp,scalp,scalp,,,1,https://www.ncbi.nlm.nih.gov/geo/query/acc.cgi?acc=GSE305547
GSE279813,"Gene expression changes in skin of dihydrotestosterone-induced mice after treatment of a newly-developed traditional Chinese medicine formula, Hanlianxiang.",review,4,存在毛发相关描述，但缺少足够的研究对象或样本证据,include,DHT 诱导的雄激素性脱发模型及治疗干预。,manual_boundary_review,True,False,,alopecia; androgenetic_alopecia,,,,,1,https://www.ncbi.nlm.nih.gov/geo/query/acc.cgi?acc=GSE279813
GSE308812,Single-cell gene expression analysis of ulcerated skin in Has2 transgenic and wild-type mice with scratching-induced ulcerative derm,exclude,-3,毛发/脱发仅作为药物适应证、不良事件、临床表现或次要结局出现,exclude,毛发/脱发仅作为药物适应证、不良事件、临床表现或次要结局出现,automated_rule,False,False,,hair_loss,,,clinical_manifestation,,0,https://www.ncbi.nlm.nih.gov/geo/query/acc.cgi?acc=GSE308812
GSE279013,H2AK119ub dynamics controls hair follicle stem cell quiescence [RNA-Seq 2],include,19,实验设计明确包含毛囊、头皮、毛周期或相关细胞/样本,include,实验设计明确包含毛囊、头皮、毛周期或相关细胞/样本,automated_rule,False,False,hair_follicle; hair_follicle_stem_cell,hair_follicle; hair_follicle_stem_cell,hair_follicle_stem_cell,,,,3,https://www.ncbi.nlm.nih.gov/geo/query/acc.cgi?acc=GSE279013
GSE279012,H2AK119ub dynamics controls hair follicle stem cell quiescence [RNA-Seq 1],include,19,实验设计明确包含毛囊、头皮、毛周期或相关细胞/样本,include,实验设计明确包含毛囊、头皮、毛周期或相关细胞/样本,automated_rule,False,False,hair_follicle; hair_follicle_stem_cell,hair_follicle; hair_follicle_stem_cell,hair_follicle_stem_cell,,,,3,https://www.ncbi.nlm.nih.gov/geo/query/acc.cgi?acc=GSE279012
GSE261821,The G-Protein-Coupled Receptor Kinase 2 (GRK2) Orchestrates Hair Follicle Homeostasis,include,17,实验设计明确包含毛囊、头皮、毛周期或相关细胞/样本,include,实验设计明确包含毛囊、头皮、毛周期或相关细胞/样本,automated_rule,False,False,hair_follicle,hair_follicle; dermal_papilla; hair_cycle_stage; hair_loss; alopecia,hair_follicle_stem_cell,,,,3,https://www.ncbi.nlm.nih.gov/geo/query/acc.cgi?acc=GSE261821
GSE273335,Identification of unique mesenchymal subpopulations for regenerating follicular and interfollicular epithelia after devastating necrosis in the skin graft,review,3,存在毛发相关描述，但缺少足够的研究对象或样本证据,include,研究皮肤移植后滤泡上皮再生和 dermal papilla 相关间充质群体。,manual_boundary_review,True,False,,dermal_papilla,,,,,1,https://www.ncbi.nlm.nih.gov/geo/query/acc.cgi?acc=GSE273335
GSE237520,Single-cell transcriptomic reconstruction of the human hair cycle: Capturing the temporal dynamics of skin tissue remodeling,include,14,标题以毛囊、毛发生物学或脱发为主要研究主题,include,标题以毛囊、毛发生物学或脱发为主要研究主题,automated_rule,False,False,hair_cycle,hair_follicle; hair_cycle,,hair_cycle,,,2,https://www.ncbi.nlm.nih.gov/geo/query/acc.cgi?acc=GSE237520
GSE288124,"Single-cell sequencing WT and PADI4 cKO skin, P1",include,10,摘要明确说明毛囊/脱发相关组学对象，且未被无关实验设计否定,include,摘要明确说明毛囊/脱发相关组学对象，且未被无关实验设计否定,automated_rule,False,False,,hair_follicle; hair_compartment,,hair_follicle,,,4,https://www.ncbi.nlm.nih.gov/geo/query/acc.cgi?acc=GSE288124
GSE291220,Serotonin activates dermal papilla cells and promotes hair growth,include,17,实验设计明确包含毛囊、头皮、毛周期或相关细胞/样本,include,实验设计明确包含毛囊、头皮、毛周期或相关细胞/样本,automated_rule,False,False,dermal_papilla; hair_growth,dermal_papilla; hair_growth,dermal_papilla,,,,1,https://www.ncbi.nlm.nih.gov/geo/query/acc.cgi?acc=GSE291220
GSE248615,Antagonistic stem cell fates under stress govern decisions between hair greying and melanoma,include,4,标题以毛囊、毛发生物学或脱发为主要研究主题,include,标题以毛囊、毛发生物学或脱发为主要研究主题,automated_rule,False,False,hair_pigmentation,,,,,,0,https://www.ncbi.nlm.nih.gov/geo/query/acc.cgi?acc=GSE248615
GSE248614,Antagonistic stem cell fates under stress govern decisions between hair greying and melanoma [RNA-seq],include,14,实验设计明确包含毛囊、头皮、毛周期或相关细胞/样本,include,实验设计明确包含毛囊、头皮、毛周期或相关细胞/样本,automated_rule,False,False,hair_pigmentation,hair_pigmentation,hair_follicle; hair_follicle_stem_cell; hair_compartment; hair_cycle_stage,,,,0,https://www.ncbi.nlm.nih.gov/geo/query/acc.cgi?acc=GSE248614
GSE281669,Hair Follicle Epithelial Stem Cells Contributing to Interfollicular Epidermis during Homeostasis [single-cell RNA-seq],include,11,标题以毛囊、毛发生物学或脱发为主要研究主题,include,标题以毛囊、毛发生物学或脱发为主要研究主题,automated_rule,False,False,hair_follicle,hair_follicle,,hair_follicle,,,1,https://www.ncbi.nlm.nih.gov/geo/query/acc.cgi?acc=GSE281669
GSE277469,Integrated single-cell chromatin and transcriptomic analyses of human peripheral immune cells in patients with alopecia areata.,include,13,实验设计明确包含毛囊、头皮、毛周期或相关细胞/样本,include,实验设计明确包含毛囊、头皮、毛周期或相关细胞/样本,automated_rule,False,False,alopecia,alopecia,alopecia,alopecia,,blood_only,1,https://www.ncbi.nlm.nih.gov/geo/query/acc.cgi?acc=GSE277469
GSE273109,Hair follicle stem cell fate supports distinct clinical endotypes in Hidradenitis Suppurativa,include,14,实验设计明确包含毛囊、头皮、毛周期或相关细胞/样本,include,实验设计明确包含毛囊、头皮、毛周期或相关细胞/样本,automated_rule,False,False,hair_follicle; hair_follicle_stem_cell,hair_follicle,hair_follicle,,,,0,https://www.ncbi.nlm.nih.gov/geo/query/acc.cgi?acc=GSE273109
GSE295410,Single-cell RNA-seq of mouse androgenetic alopecia models treated with CXCL12-neutralizing antibody,include,23,实验设计明确包含毛囊、头皮、毛周期或相关细胞/样本,include,实验设计明确包含毛囊、头皮、毛周期或相关细胞/样本,automated_rule,False,False,alopecia; androgenetic_alopecia,dermal_papilla; hair_growth; hair_loss; alopecia; androgenetic_alopecia,alopecia; androgenetic_alopecia,,,,2,https://www.ncbi.nlm.nih.gov/geo/query/acc.cgi?acc=GSE295410
GSE256023,Effects of WAY267464 or LIT001 on the hair growth ability of dermal papilla cells,include,17,实验设计明确包含毛囊、头皮、毛周期或相关细胞/样本,include,实验设计明确包含毛囊、头皮、毛周期或相关细胞/样本,automated_rule,False,False,dermal_papilla; hair_growth,dermal_papilla; hair_growth,dermal_papilla,,,,1,https://www.ncbi.nlm.nih.gov/geo/query/acc.cgi?acc=GSE256023
GSE267664,Effect of DHT modeling on AGA frontal hair follicles.,include,21,实验设计明确包含毛囊、头皮、毛周期或相关细胞/样本,include,实验设计明确包含毛囊、头皮、毛周期或相关细胞/样本,automated_rule,False,False,hair_follicle,alopecia; androgenetic_alopecia,hair_follicle,alopecia; androgenetic_alopecia,,,1,https://www.ncbi.nlm.nih.gov/geo/query/acc.cgi?acc=GSE267664
GSE294647,Specific and redundant roles for Gli2 and Gli3 in establishing cell fate during hair follicle development,include,5,标题以毛囊、毛发生物学或脱发为主要研究主题,include,标题以毛囊、毛发生物学或脱发为主要研究主题,automated_rule,False,False,hair_follicle,hair_follicle,,,,,0,https://www.ncbi.nlm.nih.gov/geo/query/acc.cgi?acc=GSE294647
GSE296033,Rebamipide Induces Hair Regeneration through EP4-Driven Lipid Metabolism Remodeling,include,11,标题以毛囊、毛发生物学或脱发为主要研究主题,include,标题以毛囊、毛发生物学或脱发为主要研究主题,automated_rule,False,False,hair_growth,hair_follicle; hair_follicle_stem_cell; hair_cycle; hair_growth; hair_loss; alopecia,,,,,3,https://www.ncbi.nlm.nih.gov/geo/query/acc.cgi?acc=GSE296033
GSE294233,RNA seq on murine basal keratinocytes and murine Lrig1 positive sorted keratinocytes,review,4,存在毛发相关描述，但缺少足够的研究对象或样本证据,include,研究 Lrig1 阳性角质形成细胞对毛囊干细胞激活的 niche 信号。,manual_boundary_review,True,False,,hair_follicle; hair_follicle_stem_cell,,,,,1,https://www.ncbi.nlm.nih.gov/geo/query/acc.cgi?acc=GSE294233
GSE280868,Identification of Keratin 5 expression lineage fibroblasts in hair follicles,include,16,标题以毛囊、毛发生物学或脱发为主要研究主题,include,标题以毛囊、毛发生物学或脱发为主要研究主题,automated_rule,False,False,hair_follicle,hair_follicle; dermal_papilla; dermal_sheath,,dermal_papilla; dermal_sheath,,,1,https://www.ncbi.nlm.nih.gov/geo/query/acc.cgi?acc=GSE280868
GSE266896,Gene expression profile at single cell level of skin cells from back skin of control and Piezo1 inducible knock-out mice,include,7,摘要明确说明毛囊/脱发相关组学对象，且未被无关实验设计否定,include,摘要明确说明毛囊/脱发相关组学对象，且未被无关实验设计否定,automated_rule,False,False,,hair_follicle,,hair_follicle,,,1,https://www.ncbi.nlm.nih.gov/geo/query/acc.cgi?acc=GSE266896
GSE198913,Single cell transcriptome of dermal sheath cup cells contributing to efficacy of cell-based therapy for patterned hair loss,include,17,实验设计明确包含毛囊、头皮、毛周期或相关细胞/样本,include,实验设计明确包含毛囊、头皮、毛周期或相关细胞/样本,automated_rule,False,False,dermal_sheath; hair_loss,dermal_sheath; hair_loss,dermal_sheath,,,,1,https://www.ncbi.nlm.nih.gov/geo/query/acc.cgi?acc=GSE198913
GSE256251,MCL‑1 is essential for hair growth by preventing BAK‑mediated apoptosis of activated adult hair follicle stem cells,include,30,实验设计明确包含毛囊、头皮、毛周期或相关细胞/样本,include,实验设计明确包含毛囊、头皮、毛周期或相关细胞/样本,automated_rule,False,False,hair_follicle; hair_follicle_stem_cell; hair_growth,hair_follicle; hair_follicle_stem_cell; hair_growth; hair_loss,hair_follicle; hair_depletion_model,hair_follicle_stem_cell; hair_growth,,,2,https://www.ncbi.nlm.nih.gov/geo/query/acc.cgi?acc=GSE256251
GSE225460,The Role of Interferon-γ in Autoimmune Polyendocrine Syndrome Type 1,exclude,-7,毛发/脱发仅作为药物适应证、不良事件、临床表现或次要结局出现,exclude,毛发/脱发仅作为药物适应证、不良事件、临床表现或次要结局出现,automated_rule,False,False,,alopecia,,,outcome_only,systemic_autoimmune,0,https://www.ncbi.nlm.nih.gov/geo/query/acc.cgi?acc=GSE225460
GSE252821,Sphingolipid metabolism orchestrates the establishment of the adult hair follicle stem cell niche to control skin homeostasis,include,13,标题以毛囊、毛发生物学或脱发为主要研究主题,include,标题以毛囊、毛发生物学或脱发为主要研究主题,automated_rule,False,False,hair_follicle; hair_follicle_stem_cell,hair_follicle; hair_follicle_stem_cell,,,,,2,https://www.ncbi.nlm.nih.gov/geo/query/acc.cgi?acc=GSE252821
GSE274498,snRNA-seq of murine tarsal plates,exclude,-7,毛发/脱发仅作为药物适应证、不良事件、临床表现或次要结局出现,exclude,毛发/脱发仅作为药物适应证、不良事件、临床表现或次要结局出现,automated_rule,False,False,,hair_follicle,,,sample_contamination,meibomian,0,https://www.ncbi.nlm.nih.gov/geo/query/acc.cgi?acc=GSE274498
GSE242713,Single-cell transcriptomic analysis of skin sorted CD45 positive and CD45 negative population from Il2ra upstream enhancer deleted (UP_Del) mice presenting with and without alopecia phenotype.,include,17,实验设计明确包含毛囊、头皮、毛周期或相关细胞/样本,include,实验设计明确包含毛囊、头皮、毛周期或相关细胞/样本,automated_rule,False,False,alopecia,alopecia,alopecia,alopecia,,,1,https://www.ncbi.nlm.nih.gov/geo/query/acc.cgi?acc=GSE242713
GSE250294,Low fucosylation defines the glycocalyx of progenitor cells and melanocytes in the limbal epithelial stem cell niche,exclude,-7,毛发/脱发仅作为药物适应证、不良事件、临床表现或次要结局出现,exclude,毛发/脱发仅作为药物适应证、不良事件、临床表现或次要结局出现,automated_rule,False,False,,hair_follicle,,,sample_contamination,ocular,0,https://www.ncbi.nlm.nih.gov/geo/query/acc.cgi?acc=GSE250294
GSE189684,Transcriptome profiling reveals different expression pattern between beard and scalp hair follicle in androgenetic alopecia.,include,30,实验设计明确包含毛囊、头皮、毛周期或相关细胞/样本,include,实验设计明确包含毛囊、头皮、毛周期或相关细胞/样本,automated_rule,False,False,hair_follicle; alopecia; androgenetic_alopecia; scalp,hair_follicle; hair_growth; hair_loss; alopecia; androgenetic_alopecia; scalp,hair_follicle; alopecia; androgenetic_alopecia; scalp,hair_follicle; hair_growth; scalp,,,3,https://www.ncbi.nlm.nih.gov/geo/query/acc.cgi?acc=GSE189684
GSE233904,Effects of oxytocin on the hair growth ability of dermal papilla cells,include,27,实验设计明确包含毛囊、头皮、毛周期或相关细胞/样本,include,实验设计明确包含毛囊、头皮、毛周期或相关细胞/样本,automated_rule,False,False,dermal_papilla; hair_growth,hair_follicle; dermal_papilla; hair_compartment; hair_growth; alopecia,dermal_papilla,hair_follicle; hair_growth,,,5,https://www.ncbi.nlm.nih.gov/geo/query/acc.cgi?acc=GSE233904
GSE282648,Vascular EC-derived factors promote DPC functions.,include,11,标题以毛囊、毛发生物学或脱发为主要研究主题,include,标题以毛囊、毛发生物学或脱发为主要研究主题,automated_rule,False,False,dermal_papilla,dermal_papilla,,dermal_papilla,,,1,https://www.ncbi.nlm.nih.gov/geo/query/acc.cgi?acc=GSE282648
GSE189616,Single cell RNA-seq of a laser treated alopecia model,include,20,实验设计明确包含毛囊、头皮、毛周期或相关细胞/样本,include,实验设计明确包含毛囊、头皮、毛周期或相关细胞/样本,automated_rule,False,False,alopecia,hair_cycle; hair_loss; alopecia,hair_cycle; alopecia,,,,2,https://www.ncbi.nlm.nih.gov/geo/query/acc.cgi?acc=GSE189616
GSE274955,An mRNA treatment for human skin rejuvenation,review,3,存在毛发相关描述，但缺少足够的研究对象或样本证据,include,人皮肤单细胞图谱明确分析 hair follicle 细胞更新，属于可复用的毛囊细胞群数据。,evidence_adjudication,True,True,,hair_follicle,,,,,1,https://www.ncbi.nlm.nih.gov/geo/query/acc.cgi?acc=GSE274955
GSE246952,Intermittent fasting triggers interorgan communication to suppress hair follicle regeneration,include,20,实验设计明确包含毛囊、头皮、毛周期或相关细胞/样本,include,实验设计明确包含毛囊、头皮、毛周期或相关细胞/样本,automated_rule,False,False,hair_follicle,hair_follicle; hair_follicle_stem_cell; hair_growth,hair_follicle; hair_follicle_stem_cell; hair_cycle_stage,,,,2,https://www.ncbi.nlm.nih.gov/geo/query/acc.cgi?acc=GSE246952
GSE233240,Stem Cell Activity-Coupled Suppression of Endogenous Retrovirus Governs Adult Tissue Regeneration [scRNA-seq],include,7,摘要中多处以皮肤毛囊/毛发生物学为核心问题,include,摘要中多处以皮肤毛囊/毛发生物学为核心问题,automated_rule,False,False,,hair_follicle; hair_follicle_stem_cell; hair_growth; hair_loss,,,,,2,https://www.ncbi.nlm.nih.gov/geo/query/acc.cgi?acc=GSE233240
GSE227078,Stem Cell Activity-Coupled Suppression of Endogenous Retrovirus Governs Adult Tissue Regeneration [WGBS],include,16,实验设计明确包含毛囊、头皮、毛周期或相关细胞/样本,include,实验设计明确包含毛囊、头皮、毛周期或相关细胞/样本,automated_rule,False,False,,hair_follicle; hair_follicle_stem_cell; hair_growth; hair_loss,hair_follicle; hair_cycle_stage,,,,2,https://www.ncbi.nlm.nih.gov/geo/query/acc.cgi?acc=GSE227078
GSE226580,Stem Cell Activity-Coupled Suppression of Endogenous Retrovirus Governs Adult Tissue Regeneration,include,7,摘要中多处以皮肤毛囊/毛发生物学为核心问题,include,摘要中多处以皮肤毛囊/毛发生物学为核心问题,automated_rule,False,False,,hair_follicle; hair_follicle_stem_cell; hair_growth; hair_loss,,,,,2,https://www.ncbi.nlm.nih.gov/geo/query/acc.cgi?acc=GSE226580
GSE226579,Stem Cell Activity-Coupled Suppression of Endogenous Retrovirus Governs Adult Tissue Regeneration [RNA-seq],include,16,实验设计明确包含毛囊、头皮、毛周期或相关细胞/样本,include,实验设计明确包含毛囊、头皮、毛周期或相关细胞/样本,automated_rule,False,False,,hair_follicle; hair_follicle_stem_cell; hair_growth; hair_loss,hair_follicle; hair_follicle_stem_cell; hair_cycle_stage,,,,2,https://www.ncbi.nlm.nih.gov/geo/query/acc.cgi?acc=GSE226579
GSE273649,HNRNPU is essential for proper murine skin development,review,3,存在毛发相关描述，但缺少足够的研究对象或样本证据,include,表皮 Hnrnpu 缺失导致毛囊发育失败，组学对象与发育表型直接相关。,manual_boundary_review,True,False,,hair_follicle,,,,,1,https://www.ncbi.nlm.nih.gov/geo/query/acc.cgi?acc=GSE273649
GSE272815,Helminth protein enhances wound healing by inhibiting fibrosis and promoting tissue regeneration,review,3,存在毛发相关描述，但缺少足够的研究对象或样本证据,include,全层创伤模型直接研究毛囊再生及其免疫细胞机制。,manual_boundary_review,True,False,,hair_follicle,,,,,1,https://www.ncbi.nlm.nih.gov/geo/query/acc.cgi?acc=GSE272815
GSE243634,Type 2 cytokine-dependent skin barrier regulation in personalized 2D- and 3D skin models of atopic dermatitis: A pilot study,include,15,实验设计明确包含毛囊、头皮、毛周期或相关细胞/样本,include,转录组样本直接来自毛囊来源角质形成细胞；虽然疾病问题是特应性皮炎，样本仍是明确的毛囊来源细胞。,evidence_adjudication,False,True,,hair_follicle,hair_follicle,hair_follicle,,,2,https://www.ncbi.nlm.nih.gov/geo/query/acc.cgi?acc=GSE243634
GSE241061,The IL-33/ST2 axis and tissue Treg maintains epithelial homeostasis in the skin and restrains cancer development,review,1,存在毛发相关描述，但缺少足够的研究对象或样本证据,exclude,组学对象是 DMBA 皮肤癌模型的全皮肤；毛囊仅作为 Treg 空间定位背景。,manual_boundary_review,True,False,,hair_follicle,,,,,0,https://www.ncbi.nlm.nih.gov/geo/query/acc.cgi?acc=GSE241061
GSE273572,JAK-STAT1 as therapeutic target for EGFR deficiency-associated inflammation and scarring alopecia (scRNA-seq),include,20,实验设计明确包含毛囊、头皮、毛周期或相关细胞/样本,include,实验设计明确包含毛囊、头皮、毛周期或相关细胞/样本,automated_rule,False,False,alopecia,hair_follicle; hair_follicle_stem_cell; hair_growth; hair_loss; alopecia,hair_follicle,alopecia; hair_follicle; hair_growth,clinical_manifestation,,4,https://www.ncbi.nlm.nih.gov/geo/query/acc.cgi?acc=GSE273572
GSE273571,JAK-STAT1 as therapeutic target for EGFR deficiency-associated inflammation and scarring alopecia (RNA-seq of HFSC),include,26,实验设计明确包含毛囊、头皮、毛周期或相关细胞/样本,include,实验设计明确包含毛囊、头皮、毛周期或相关细胞/样本,automated_rule,False,False,hair_follicle_stem_cell; alopecia,hair_follicle; hair_follicle_stem_cell; hair_growth; hair_loss; alopecia,hair_follicle; hair_follicle_stem_cell,alopecia; hair_follicle; hair_growth,clinical_manifestation,,4,https://www.ncbi.nlm.nih.gov/geo/query/acc.cgi?acc=GSE273571
GSE272509,TLR9 activation in large wound induces tissue repair and hair follicle regeneration via γδT cells,include,4,标题以毛囊、毛发生物学或脱发为主要研究主题,include,标题以毛囊、毛发生物学或脱发为主要研究主题,automated_rule,False,False,hair_follicle,,,,,,0,https://www.ncbi.nlm.nih.gov/geo/query/acc.cgi?acc=GSE272509
GSE271100,Stem cells tightly regulate dead cell clearance to maintain tissue fitness [scRNA-seq],include,12,实验设计明确包含毛囊、头皮、毛周期或相关细胞/样本,include,实验设计明确包含毛囊、头皮、毛周期或相关细胞/样本,automated_rule,False,False,,hair_cycle,hair_follicle; hair_follicle_stem_cell; hair_cycle,,,,1,https://www.ncbi.nlm.nih.gov/geo/query/acc.cgi?acc=GSE271100
GSE270324,The integrated stress response fine-tunes stem cell fate decisions in response to serine deprivation and tissue injury [RNA-seq],include,7,摘要中多处以皮肤毛囊/毛发生物学为核心问题,include,摘要中多处以皮肤毛囊/毛发生物学为核心问题,automated_rule,False,False,,hair_follicle; hair_follicle_stem_cell; hair_growth,,,,,2,https://www.ncbi.nlm.nih.gov/geo/query/acc.cgi?acc=GSE270324
GSE270317,The integrated stress response fine-tunes stem cell fate decisions in response to serine deprivation and tissue injury [scRNA-seq],include,16,实验设计明确包含毛囊、头皮、毛周期或相关细胞/样本,include,实验设计明确包含毛囊、头皮、毛周期或相关细胞/样本,automated_rule,False,False,,hair_follicle; hair_follicle_stem_cell; hair_growth,hair_follicle; hair_follicle_stem_cell,,,,2,https://www.ncbi.nlm.nih.gov/geo/query/acc.cgi?acc=GSE270317
GSE269455,Humanized CXCL12 Antibody Delays Onset and Modulates Immune Response in Alopecia Areata Mice,include,8,标题以毛囊、毛发生物学或脱发为主要研究主题,include,标题以毛囊、毛发生物学或脱发为主要研究主题,automated_rule,False,False,alopecia,hair_growth; alopecia,,,,,1,https://www.ncbi.nlm.nih.gov/geo/query/acc.cgi?acc=GSE269455
GSE247569,The impact of HPV8 on Lrig1+ and CD34+ hair follicle keratinocyte stem cell populations,include,11,实验设计明确包含毛囊、头皮、毛周期或相关细胞/样本,include,实验设计明确包含毛囊、头皮、毛周期或相关细胞/样本,automated_rule,False,False,hair_follicle,hair_follicle,hair_follicle,,,,0,https://www.ncbi.nlm.nih.gov/geo/query/acc.cgi?acc=GSE247569
GSE254889,Hair follicles modulate skin barrier function,include,10,实验设计明确包含毛囊、头皮、毛周期或相关细胞/样本,include,研究直接检验上段毛囊对皮肤屏障的调控，毛囊是核心生物学对象而非偶然提及。,evidence_adjudication,False,True,hair_follicle,,hair_cycle_stage,,,,0,https://www.ncbi.nlm.nih.gov/geo/query/acc.cgi?acc=GSE254889
GSE267295,Microneedle-mediated Delivery of Immunomodulators Restores Immune Privilege in Hair Follicles and Reverses Immune-Mediated Alopecia,include,15,标题以毛囊、毛发生物学或脱发为主要研究主题,include,标题以毛囊、毛发生物学或脱发为主要研究主题,automated_rule,False,False,hair_follicle; alopecia,hair_growth; hair_loss; alopecia,,alopecia; hair_growth,clinical_manifestation,,1,https://www.ncbi.nlm.nih.gov/geo/query/acc.cgi?acc=GSE267295
GSE266028,Dermal TRPV1 innervations engage a macrophage and fibroblast containing pathway to activate hair growth [dataset2],include,8,标题以毛囊、毛发生物学或脱发为主要研究主题,include,标题以毛囊、毛发生物学或脱发为主要研究主题,automated_rule,False,False,hair_growth,hair_follicle; hair_growth,,,,,1,https://www.ncbi.nlm.nih.gov/geo/query/acc.cgi?acc=GSE266028
GSE266027,Dermal TRPV1 innervations engage a macrophage and fibroblast containing pathway to activate hair growth [dataset1],include,8,标题以毛囊、毛发生物学或脱发为主要研究主题,include,标题以毛囊、毛发生物学或脱发为主要研究主题,automated_rule,False,False,hair_growth,hair_follicle; hair_growth,,,,,1,https://www.ncbi.nlm.nih.gov/geo/query/acc.cgi?acc=GSE266027
GSE243088,Essential role of macrophages in contact hypersensitivity-induced hair regeneration [DPCP vs control],include,9,标题以毛囊、毛发生物学或脱发为主要研究主题,include,标题以毛囊、毛发生物学或脱发为主要研究主题,automated_rule,False,False,hair_growth,hair_follicle; hair_cycle_stage; hair_growth,,,,,1,https://www.ncbi.nlm.nih.gov/geo/query/acc.cgi?acc=GSE243088
GSE243087,Essential role of macrophages in contact hypersensitivity-induced hair regeneration [Clod vs Encap],include,9,标题以毛囊、毛发生物学或脱发为主要研究主题,include,标题以毛囊、毛发生物学或脱发为主要研究主题,automated_rule,False,False,hair_growth,hair_follicle; hair_cycle_stage; hair_growth,,,,,1,https://www.ncbi.nlm.nih.gov/geo/query/acc.cgi?acc=GSE243087
GSE206790,Profibrotic subsets of SPP1+ macrophages and POSTN+ fibroblasts contribute to fibrotic scarring in acne keloidalis,include,7,摘要中多处以皮肤毛囊/毛发生物学为核心问题,include,摘要中多处以皮肤毛囊/毛发生物学为核心问题,automated_rule,False,False,,hair_follicle; root_sheath; hair_loss; alopecia; scalp,,scalp,clinical_manifestation,,2,https://www.ncbi.nlm.nih.gov/geo/query/acc.cgi?acc=GSE206790
GSE261101,Quietly hiding: PD-L1 checkpoint expression in melanocyte stem cell quiescence and aging,include,10,实验设计明确包含毛囊、头皮、毛周期或相关细胞/样本,include,实验设计明确包含毛囊、头皮、毛周期或相关细胞/样本,automated_rule,False,False,,hair_cycle,hair_follicle; hair_cycle_stage; hair_cycle,,,,0,https://www.ncbi.nlm.nih.gov/geo/query/acc.cgi?acc=GSE261101
GSE254311,Gene expression profile of hair follicle stem cells (HFSCs) isolated from wild type and homozygous Dab2 cKO (Dab2 Fl/Fl) mice at postnatal day 68,include,24,实验设计明确包含毛囊、头皮、毛周期或相关细胞/样本,include,实验设计明确包含毛囊、头皮、毛周期或相关细胞/样本,automated_rule,False,False,hair_follicle; hair_follicle_stem_cell,hair_follicle; hair_follicle_stem_cell; hair_cycle_stage,hair_follicle_stem_cell,hair_follicle_stem_cell,,,4,https://www.ncbi.nlm.nih.gov/geo/query/acc.cgi?acc=GSE254311
GSE231731,Retinoic acid promotes tissue regeneration by resolving stem cell lineage plasticity,include,7,摘要中多处以皮肤毛囊/毛发生物学为核心问题,include,摘要中多处以皮肤毛囊/毛发生物学为核心问题,automated_rule,False,False,,hair_follicle; hair_follicle_stem_cell; hair_growth,,,,,3,https://www.ncbi.nlm.nih.gov/geo/query/acc.cgi?acc=GSE231731
GSE245774,ASH2L mediates epidermal differentiation and hair follicle morphogenesis via the regulation of the Notch signaling pathway activity,include,4,标题以毛囊、毛发生物学或脱发为主要研究主题,include,标题以毛囊、毛发生物学或脱发为主要研究主题,automated_rule,False,False,hair_follicle,,,,,,0,https://www.ncbi.nlm.nih.gov/geo/query/acc.cgi?acc=GSE245774
GSE245772,ASH2L mediates epidermal differentiation and hair follicle morphogenesis via the regulation of the Notch signaling pathway activity [RNA-Seq],include,4,标题以毛囊、毛发生物学或脱发为主要研究主题,include,标题以毛囊、毛发生物学或脱发为主要研究主题,automated_rule,False,False,hair_follicle,,,,,,0,https://www.ncbi.nlm.nih.gov/geo/query/acc.cgi?acc=GSE245772
GSE261227,Molecular heterogeneity of quiescent melanocyte stem cells revealed by single-cell RNA-sequencing.,include,22,实验设计明确包含毛囊、头皮、毛周期或相关细胞/样本,include,实验设计明确包含毛囊、头皮、毛周期或相关细胞/样本,automated_rule,False,False,,hair_follicle; hair_cycle_stage,hair_cycle; hair_pigmentation,hair_cycle_stage; hair_follicle,,,2,https://www.ncbi.nlm.nih.gov/geo/query/acc.cgi?acc=GSE261227
GSE255708,Finasteride delays atherosclerosis progression in mice and is associated with a reduction in plasma cholesterol in men,exclude,-11,毛发/脱发仅作为药物适应证、不良事件、临床表现或次要结局出现,exclude,毛发/脱发仅作为药物适应证、不良事件、临床表现或次要结局出现,automated_rule,False,False,,balding,,,drug_indication,cardiovascular; hepatic,0,https://www.ncbi.nlm.nih.gov/geo/query/acc.cgi?acc=GSE255708
GSE252536,Effects of cinnamic acid on the hair growth ability of dermal papilla cells,include,17,实验设计明确包含毛囊、头皮、毛周期或相关细胞/样本,include,实验设计明确包含毛囊、头皮、毛周期或相关细胞/样本,automated_rule,False,False,dermal_papilla; hair_growth,dermal_papilla; hair_growth,dermal_papilla,,,,1,https://www.ncbi.nlm.nih.gov/geo/query/acc.cgi?acc=GSE252536
GSE254347,Antiviral drugs prolong survival in murine recessive dystrophic epidermolysis bullosa,exclude,-3,毛发/脱发仅作为药物适应证、不良事件、临床表现或次要结局出现,exclude,毛发/脱发仅作为药物适应证、不良事件、临床表现或次要结局出现,automated_rule,False,False,,hair_loss,,,outcome_only,,0,https://www.ncbi.nlm.nih.gov/geo/query/acc.cgi?acc=GSE254347
GSE248056,The impact of HPV8 on hair follicle stem cell populations,include,7,标题以毛囊、毛发生物学或脱发为主要研究主题,include,标题以毛囊、毛发生物学或脱发为主要研究主题,automated_rule,False,False,hair_follicle; hair_follicle_stem_cell,,,,,,0,https://www.ncbi.nlm.nih.gov/geo/query/acc.cgi?acc=GSE248056
GSE247466,The impact of HPV8 E6 on Lrig1+ hair follicle stem cell populations,include,14,实验设计明确包含毛囊、头皮、毛周期或相关细胞/样本,include,实验设计明确包含毛囊、头皮、毛周期或相关细胞/样本,automated_rule,False,False,hair_follicle; hair_follicle_stem_cell,hair_follicle,hair_follicle,,,,0,https://www.ncbi.nlm.nih.gov/geo/query/acc.cgi?acc=GSE247466
GSE252889,Smart-seq analysis comparing melanocytes from Spry1flox/flox mice tail epidermis to the melanocytes derived from Spry1 epidermis specific knockout mice tail and back epidermis,review,1,存在毛发相关描述，但缺少足够的研究对象或样本证据,include,研究 Spry1 缺失后毛囊 melanocyte stem cells 的迁移与命运。,manual_boundary_review,True,False,,hair_follicle,,,,,0,https://www.ncbi.nlm.nih.gov/geo/query/acc.cgi?acc=GSE252889
GSE156014,Dietary restriction delays but cannot heal irradiation-induced hair graying by preserving hair follicle stem cells in quiescence,include,24,实验设计明确包含毛囊、头皮、毛周期或相关细胞/样本,include,实验设计明确包含毛囊、头皮、毛周期或相关细胞/样本,automated_rule,False,False,hair_follicle; hair_follicle_stem_cell; hair_pigmentation,hair_follicle; hair_follicle_stem_cell; hair_cycle; hair_growth; hair_pigmentation,hair_follicle,hair_follicle_stem_cell,,,4,https://www.ncbi.nlm.nih.gov/geo/query/acc.cgi?acc=GSE156014
GSE194373,BMI1 is required for melanocyte stem cell maintenance and hair pigmentation,include,6,标题以毛囊、毛发生物学或脱发为主要研究主题,include,标题以毛囊、毛发生物学或脱发为主要研究主题,automated_rule,False,False,hair_pigmentation,hair_cycle; hair_pigmentation,,,,,0,https://www.ncbi.nlm.nih.gov/geo/query/acc.cgi?acc=GSE194373
GSE229890,Autophagy induces hair follicle stem cell activation and hair follicle regeneration by regulating glycolysis,include,23,实验设计明确包含毛囊、头皮、毛周期或相关细胞/样本,include,实验设计明确包含毛囊、头皮、毛周期或相关细胞/样本,automated_rule,False,False,hair_follicle; hair_follicle_stem_cell,hair_follicle; hair_follicle_stem_cell; hair_growth,hair_follicle; hair_follicle_stem_cell,,,,2,https://www.ncbi.nlm.nih.gov/geo/query/acc.cgi?acc=GSE229890
GSE225849,RNA-seq data of human scalp hair follicles following SEP1 phage treatment,include,20,实验设计明确包含毛囊、头皮、毛周期或相关细胞/样本,include,实验设计明确包含毛囊、头皮、毛周期或相关细胞/样本,automated_rule,False,False,hair_follicle; scalp,hair_follicle; scalp,hair_follicle; hair_cycle_stage,,,,1,https://www.ncbi.nlm.nih.gov/geo/query/acc.cgi?acc=GSE225849
GSE179300,Innate immunity controls hair regeneration and growth via BMP signaling,include,27,实验设计明确包含毛囊、头皮、毛周期或相关细胞/样本,include,实验设计明确包含毛囊、头皮、毛周期或相关细胞/样本,automated_rule,False,False,hair_growth,hair_follicle; hair_follicle_stem_cell; hair_cycle; hair_growth,hair_follicle; hair_follicle_stem_cell,hair_follicle_stem_cell; hair_growth,,,8,https://www.ncbi.nlm.nih.gov/geo/query/acc.cgi?acc=GSE179300
GSE243572,Differential T-cell and monocyte responses in hepatocellular carcinoma treated with regorafenib plus nivolumab: an integrated clinical and biomarker analysis of the phase 2 RENOBATE trial,exclude,-11,毛发/脱发仅作为药物适应证、不良事件、临床表现或次要结局出现,exclude,毛发/脱发仅作为药物适应证、不良事件、临床表现或次要结局出现,automated_rule,False,False,,alopecia,,,adverse_event,blood_only; hepatic,0,https://www.ncbi.nlm.nih.gov/geo/query/acc.cgi?acc=GSE243572
GSE242128,MCPIP1 controls effects of myeloid cells on skin carcinogenesis and hair growth,exclude,0,标题虽提及毛发/脱发，但实验设计明确指向无关组织或疾病,exclude,该 GEO 系列的 RNA-seq 对象是化学诱导的皮肤癌病灶和邻近皮肤；毛发生长只出现在总研究标题，当前组学实验未研究毛囊。,evidence_adjudication,False,True,hair_growth,,,,,skin_carcinogenesis,0,https://www.ncbi.nlm.nih.gov/geo/query/acc.cgi?acc=GSE242128
GSE192797,Thyroid hormone receptor agonist promotes hair growth in mice,include,4,标题以毛囊、毛发生物学或脱发为主要研究主题,include,标题以毛囊、毛发生物学或脱发为主要研究主题,automated_rule,False,False,hair_growth,,,,,,0,https://www.ncbi.nlm.nih.gov/geo/query/acc.cgi?acc=GSE192797
GSE220977,Sweat gland development requires an eccrine dermal niche and couples two epidermal programs,exclude,-7,毛发/脱发仅作为药物适应证、不良事件、临床表现或次要结局出现,exclude,主要对象是小汗腺发育及其 dermal niche；毛囊仅用于说明一个共享的表皮转录程序。,evidence_adjudication,False,True,,hair_follicle,,,comparison_only,other_skin_appendage,0,https://www.ncbi.nlm.nih.gov/geo/query/acc.cgi?acc=GSE220977
GSE159827,Symmetry breaking of tissue mechanics in wound induced hair follicle regeneration [scRNA-seq],include,4,标题以毛囊、毛发生物学或脱发为主要研究主题,include,标题以毛囊、毛发生物学或脱发为主要研究主题,automated_rule,False,False,hair_follicle,,,,,,0,https://www.ncbi.nlm.nih.gov/geo/query/acc.cgi?acc=GSE159827
GSE212757,Adipose transcriptome in the scalp of androgenetic alopecia,include,30,实验设计明确包含毛囊、头皮、毛周期或相关细胞/样本,include,实验设计明确包含毛囊、头皮、毛周期或相关细胞/样本,automated_rule,False,False,alopecia; androgenetic_alopecia; scalp,hair_follicle; alopecia; androgenetic_alopecia; scalp,alopecia; androgenetic_alopecia; scalp,alopecia; androgenetic_alopecia; hair_follicle; scalp,,,2,https://www.ncbi.nlm.nih.gov/geo/query/acc.cgi?acc=GSE212757
GSE223884,VDR is an essential regulatory factor in the stage of hair follicle regression through the progression of cell death,include,18,标题以毛囊、毛发生物学或脱发为主要研究主题,include,标题以毛囊、毛发生物学或脱发为主要研究主题,automated_rule,False,False,hair_follicle,hair_follicle; hair_cycle_stage; hair_cycle; hair_loss; alopecia,,hair_cycle_stage; hair_follicle,,,4,https://www.ncbi.nlm.nih.gov/geo/query/acc.cgi?acc=GSE223884
GSE240637,Spatial transcriptome reveals disturbance of peri-infundibular immune infiltration in androgenetic alopecia,include,12,标题以毛囊、毛发生物学或脱发为主要研究主题,include,标题以毛囊、毛发生物学或脱发为主要研究主题,automated_rule,False,False,alopecia; androgenetic_alopecia,dermal_papilla; alopecia; androgenetic_alopecia; balding,,,,,1,https://www.ncbi.nlm.nih.gov/geo/query/acc.cgi?acc=GSE240637
GSE230523,Stem cells tightly regulate dead cell clearance to maintain tissue fitness [Bulk RNA-seq],include,12,实验设计明确包含毛囊、头皮、毛周期或相关细胞/样本,include,实验设计明确包含毛囊、头皮、毛周期或相关细胞/样本,automated_rule,False,False,,hair_cycle,hair_follicle; hair_follicle_stem_cell,,,,1,https://www.ncbi.nlm.nih.gov/geo/query/acc.cgi?acc=GSE230523
GSE239791,Keratinocyte Wnt5β promotes dermal adipogenesis by simultaneously regulating adipocyte precursor cell conversion and adipogenic signaling,include,5,摘要中多处以皮肤毛囊/毛发生物学为核心问题,include,摘要中多处以皮肤毛囊/毛发生物学为核心问题,automated_rule,False,False,,hair_follicle,,,,,2,https://www.ncbi.nlm.nih.gov/geo/query/acc.cgi?acc=GSE239791
GSE229111,Skin-type-dependent development of murine mechanosensory neurons,exclude,-3,组学对象是感觉神经元/触觉亚型，毛囊仅作为神经支配的解剖背景,exclude,Smart-seq 对象是支配有毛/无毛皮肤的机械感觉神经元，科学问题是触觉末梢发育；毛囊仅为神经末梢的解剖靶点。,evidence_adjudication,False,True,,hair_follicle,,,,sensory_neuron,0,https://www.ncbi.nlm.nih.gov/geo/query/acc.cgi?acc=GSE229111
GSE233906,Functional interrogation of lymphocyte subsets in alopecia areata using single-cell RNA sequencing,include,7,标题以毛囊、毛发生物学或脱发为主要研究主题,include,标题以毛囊、毛发生物学或脱发为主要研究主题,automated_rule,False,False,alopecia,alopecia,,,,,1,https://www.ncbi.nlm.nih.gov/geo/query/acc.cgi?acc=GSE233906
GSE232908,Dynamic regulation of chromatin accessibility during melanocyte stem cell activation,include,17,实验设计明确包含毛囊、头皮、毛周期或相关细胞/样本,include,实验设计明确包含毛囊、头皮、毛周期或相关细胞/样本,automated_rule,False,False,,hair_compartment; hair_cycle_stage,hair_cycle_stage,hair_compartment; hair_cycle_stage,,,1,https://www.ncbi.nlm.nih.gov/geo/query/acc.cgi?acc=GSE232908
GSE218854,Role of Atg16L1 in skin biology,include,12,摘要明确说明毛囊/脱发相关组学对象，且未被无关实验设计否定,include,摘要明确说明毛囊/脱发相关组学对象，且未被无关实验设计否定,automated_rule,False,False,,hair_follicle; hair_follicle_stem_cell; hair_growth,,hair_follicle; hair_follicle_stem_cell; hair_growth,,,1,https://www.ncbi.nlm.nih.gov/geo/query/acc.cgi?acc=GSE218854
GSE236091,The homing of exogenous hair follicle mesenchymal stem cells into hair follicle niches,include,20,实验设计明确包含毛囊、头皮、毛周期或相关细胞/样本,include,实验设计明确包含毛囊、头皮、毛周期或相关细胞/样本,automated_rule,False,False,hair_follicle,dermal_papilla; dermal_sheath,dermal_papilla,dermal_papilla,,,2,https://www.ncbi.nlm.nih.gov/geo/query/acc.cgi?acc=GSE236091
GSE208551,The homing behaviors of hair follicle dermal cells and cell intermigration between hair follicle and perifollicular microenvironment,include,13,实验设计明确包含毛囊、头皮、毛周期或相关细胞/样本,include,实验设计明确包含毛囊、头皮、毛周期或相关细胞/样本,automated_rule,False,False,hair_follicle,dermal_papilla,hair_depletion_model,,,,1,https://www.ncbi.nlm.nih.gov/geo/query/acc.cgi?acc=GSE208551
GSE205075,AR/miR-221/IGF-1 pathway mediates the pathogenesis of androgenetic alopecia,include,18,实验设计明确包含毛囊、头皮、毛周期或相关细胞/样本,include,实验设计明确包含毛囊、头皮、毛周期或相关细胞/样本,automated_rule,False,False,alopecia; androgenetic_alopecia,hair_follicle; dermal_papilla; dermal_sheath,dermal_papilla,,,,1,https://www.ncbi.nlm.nih.gov/geo/query/acc.cgi?acc=GSE205075
GSE235480,Hdac1 and Hdac2 regulate the quiescent state and survival of hair-follicle mesenchymal niche,include,15,实验设计明确包含毛囊、头皮、毛周期或相关细胞/样本,include,实验设计明确包含毛囊、头皮、毛周期或相关细胞/样本,automated_rule,False,False,hair_follicle,hair_follicle; dermal_papilla; hair_cycle,hair_cycle,,,,1,https://www.ncbi.nlm.nih.gov/geo/query/acc.cgi?acc=GSE235480
GSE227784,Single cell analysis of transcriptome and open chromatin reveals the dynamics of hair follicle stem cell aging,include,7,标题以毛囊、毛发生物学或脱发为主要研究主题,include,标题以毛囊、毛发生物学或脱发为主要研究主题,automated_rule,False,False,hair_follicle; hair_follicle_stem_cell,,,,,,0,https://www.ncbi.nlm.nih.gov/geo/query/acc.cgi?acc=GSE227784
GSE227783,Single cell analysis of transcriptome and open chromatin reveals the dynamics of hair follicle stem cell aging [scATAC-Seq],include,12,标题以毛囊、毛发生物学或脱发为主要研究主题,include,标题以毛囊、毛发生物学或脱发为主要研究主题,automated_rule,False,False,hair_follicle; hair_follicle_stem_cell,hair_follicle; hair_loss; hair_pigmentation,,,,,1,https://www.ncbi.nlm.nih.gov/geo/query/acc.cgi?acc=GSE227783
GSE227782,Single cell analysis of transcriptome and open chromatin reveals the dynamics of hair follicle stem cell aging [scRNA-Seq],include,12,标题以毛囊、毛发生物学或脱发为主要研究主题,include,标题以毛囊、毛发生物学或脱发为主要研究主题,automated_rule,False,False,hair_follicle; hair_follicle_stem_cell,hair_follicle; hair_loss; hair_pigmentation,,,,,1,https://www.ncbi.nlm.nih.gov/geo/query/acc.cgi?acc=GSE227782
GSE224010,Plucked scalp hair follicle samples are useful RNA sources for mRNA analysis of genodermatosis-associated genes,include,20,标题以毛囊、毛发生物学或脱发为主要研究主题,include,标题以毛囊、毛发生物学或脱发为主要研究主题,automated_rule,False,False,hair_follicle; scalp,hair_follicle,scalp,hair_follicle,,,1,https://www.ncbi.nlm.nih.gov/geo/query/acc.cgi?acc=GSE224010
GSE212674,Transcriptomic landscape of early hair follicle and epidermal development,include,4,标题以毛囊、毛发生物学或脱发为主要研究主题,include,标题以毛囊、毛发生物学或脱发为主要研究主题,automated_rule,False,False,hair_follicle,,,,,,0,https://www.ncbi.nlm.nih.gov/geo/query/acc.cgi?acc=GSE212674
GSE212673,Transcriptomic landscape of early hair follicle and epidermal development [scRNA-seq],include,11,标题以毛囊、毛发生物学或脱发为主要研究主题,include,标题以毛囊、毛发生物学或脱发为主要研究主题,automated_rule,False,False,hair_follicle,hair_compartment,,hair_compartment,,,1,https://www.ncbi.nlm.nih.gov/geo/query/acc.cgi?acc=GSE212673
GSE212652,Transcriptomic landscape of early hair follicle and epidermal development [RNA-seq],include,11,标题以毛囊、毛发生物学或脱发为主要研究主题,include,标题以毛囊、毛发生物学或脱发为主要研究主题,automated_rule,False,False,hair_follicle,hair_compartment,,hair_compartment,,,1,https://www.ncbi.nlm.nih.gov/geo/query/acc.cgi?acc=GSE212652
GSE211948,Gene expression comparison of the bulb region between different time points during bend formation of mouse zigzag hair follicle,include,21,实验设计明确包含毛囊、头皮、毛周期或相关细胞/样本,include,实验设计明确包含毛囊、头皮、毛周期或相关细胞/样本,automated_rule,False,False,hair_follicle,hair_follicle; hair_growth,hair_growth,hair_follicle; hair_growth,,,1,https://www.ncbi.nlm.nih.gov/geo/query/acc.cgi?acc=GSE211948
GSE185117,RNA-seq for miR-205 inducible hair follicle stem cells and ScRNAseq for miR-205 inducible back skin samples,include,7,标题以毛囊、毛发生物学或脱发为主要研究主题,include,标题以毛囊、毛发生物学或脱发为主要研究主题,automated_rule,False,False,hair_follicle; hair_follicle_stem_cell,,,,,,0,https://www.ncbi.nlm.nih.gov/geo/query/acc.cgi?acc=GSE185117
GSE185116,Transcriptome analysis in hair follicle stem cells after miR-205 induction in mouse,include,23,实验设计明确包含毛囊、头皮、毛周期或相关细胞/样本,include,实验设计明确包含毛囊、头皮、毛周期或相关细胞/样本,automated_rule,False,False,hair_follicle; hair_follicle_stem_cell,hair_follicle; hair_follicle_stem_cell; hair_growth,hair_follicle; hair_follicle_stem_cell,,,,2,https://www.ncbi.nlm.nih.gov/geo/query/acc.cgi?acc=GSE185116
GSE185115,Single cell RNA-seq analysis of mouse miR-205 inducible adult back skin,include,9,摘要明确说明毛囊/脱发相关组学对象，且未被无关实验设计否定,include,摘要明确说明毛囊/脱发相关组学对象，且未被无关实验设计否定,automated_rule,False,False,,hair_growth,,hair_growth,,,2,https://www.ncbi.nlm.nih.gov/geo/query/acc.cgi?acc=GSE185115
GSE227204,Identification of potential non-invasive biomarkers for diagnosing patients with methamphetamine use disorder,include,9,实验设计明确包含毛囊、头皮、毛周期或相关细胞/样本,include,实验设计明确包含毛囊、头皮、毛周期或相关细胞/样本,automated_rule,False,False,,hair_follicle,hair_follicle,hair_follicle,,substance_use,1,https://www.ncbi.nlm.nih.gov/geo/query/acc.cgi?acc=GSE227204
GSE161296,High fat diets rich in fish oil promote hair loss via epidermal fatty acid binding-mediated immunoregulation,include,5,标题以毛囊、毛发生物学或脱发为主要研究主题,include,标题以毛囊、毛发生物学或脱发为主要研究主题,automated_rule,False,False,hair_loss,hair_follicle; hair_follicle_stem_cell; hair_loss; alopecia,,,outcome_only,,1,https://www.ncbi.nlm.nih.gov/geo/query/acc.cgi?acc=GSE161296
GSE229631,A distinct CD8+ T cell subset derived from virtual memory T cells causes alopecia areata through innate-like cytotoxicity,include,4,标题以毛囊、毛发生物学或脱发为主要研究主题,include,标题以毛囊、毛发生物学或脱发为主要研究主题,automated_rule,False,False,alopecia,,,,,,0,https://www.ncbi.nlm.nih.gov/geo/query/acc.cgi?acc=GSE229631
GSE229581,A distinct CD8+ T cell subset derived from virtual memory T cells causes alopecia areata through innate-like cytotoxicity [scRNA-seq],include,11,实验设计明确包含毛囊、头皮、毛周期或相关细胞/样本,include,实验设计明确包含毛囊、头皮、毛周期或相关细胞/样本,automated_rule,False,False,alopecia,alopecia,alopecia,,,,0,https://www.ncbi.nlm.nih.gov/geo/query/acc.cgi?acc=GSE229581
GSE229145,A distinct CD8+ T cell subset derived from virtual memory T cells causes alopecia areata through innate-like cytotoxicity [RNA-seq],include,11,实验设计明确包含毛囊、头皮、毛周期或相关细胞/样本,include,实验设计明确包含毛囊、头皮、毛周期或相关细胞/样本,automated_rule,False,False,alopecia,alopecia,alopecia,,,,0,https://www.ncbi.nlm.nih.gov/geo/query/acc.cgi?acc=GSE229145
GSE212450,Integrated single-cell chromatin and transcriptomic analyses of human scalp reveal etiological insights into genetic risk for hair and skin disease,include,4,标题以毛囊、毛发生物学或脱发为主要研究主题,include,标题以毛囊、毛发生物学或脱发为主要研究主题,automated_rule,False,False,scalp,,,,,,0,https://www.ncbi.nlm.nih.gov/geo/query/acc.cgi?acc=GSE212450
GSE212448,Integrated single-cell chromatin and transcriptomic analyses of human scalp reveal etiological insights into genetic risk for hair and skin disease [scATAC-Seq],include,24,实验设计明确包含毛囊、头皮、毛周期或相关细胞/样本,include,实验设计明确包含毛囊、头皮、毛周期或相关细胞/样本,automated_rule,False,False,scalp,alopecia; scalp,alopecia; scalp,alopecia; scalp,,,1,https://www.ncbi.nlm.nih.gov/geo/query/acc.cgi?acc=GSE212448
GSE212447,Integrated single-cell chromatin and transcriptomic analyses of human scalp reveal etiological insights into genetic risk for hair and skin disease [scRNA-Seq],include,24,实验设计明确包含毛囊、头皮、毛周期或相关细胞/样本,include,实验设计明确包含毛囊、头皮、毛周期或相关细胞/样本,automated_rule,False,False,scalp,alopecia; scalp,alopecia; scalp,alopecia; scalp,,,1,https://www.ncbi.nlm.nih.gov/geo/query/acc.cgi?acc=GSE212447
GSE230514,Repurposing DPP4-Inhibition to Improve Hair Follicle Activation and Regeneration,include,15,标题以毛囊、毛发生物学或脱发为主要研究主题,include,标题以毛囊、毛发生物学或脱发为主要研究主题,automated_rule,False,False,hair_follicle,hair_follicle; hair_cycle_stage; alopecia; scalp,,hair_cycle_stage,,,4,https://www.ncbi.nlm.nih.gov/geo/query/acc.cgi?acc=GSE230514
GSE220948,Vitamin D inhibition of metastasis and oxidative stress in osteosarcoma,exclude,0,研究对象明确属于其他器官/疾病，未发现毛囊相关样本证据,exclude,研究对象明确属于其他器官/疾病，未发现毛囊相关样本证据,automated_rule,False,False,,hair_follicle; hair_follicle_stem_cell,,,,bone_tumor,1,https://www.ncbi.nlm.nih.gov/geo/query/acc.cgi?acc=GSE220948
GSE224433,An ERK-dependent molecular switch antagonizes fibrosis and promotes regeneration in spiny mice (Acomys),review,3,存在毛发相关描述，但缺少足够的研究对象或样本证据,include,再生性伤口模型以毛囊新生作为核心再生结局。,manual_boundary_review,True,False,,hair_follicle,,,,,1,https://www.ncbi.nlm.nih.gov/geo/query/acc.cgi?acc=GSE224433
GSE202583,IRX5 promotes DNA damage repair and activation of hair follicle stem cells (hfsc),include,24,实验设计明确包含毛囊、头皮、毛周期或相关细胞/样本,include,实验设计明确包含毛囊、头皮、毛周期或相关细胞/样本,automated_rule,False,False,hair_follicle; hair_follicle_stem_cell,hair_follicle_stem_cell; hair_cycle_stage; hair_cycle,hair_follicle_stem_cell,hair_follicle_stem_cell,,,4,https://www.ncbi.nlm.nih.gov/geo/query/acc.cgi?acc=GSE202583
GSE112722,Single-cell transcriptome analysis of cells in mouse hairy melanocytic nevi,include,11,摘要明确说明毛囊/脱发相关组学对象，且未被无关实验设计否定,include,摘要明确说明毛囊/脱发相关组学对象，且未被无关实验设计否定,automated_rule,False,False,,hair_follicle; hair_cycle_stage,,hair_cycle_stage; hair_follicle,,,1,https://www.ncbi.nlm.nih.gov/geo/query/acc.cgi?acc=GSE112722
GSE111999,Transcriptome analysis of cells in mouse hairy melanocytic nevi,include,20,实验设计明确包含毛囊、头皮、毛周期或相关细胞/样本,include,实验设计明确包含毛囊、头皮、毛周期或相关细胞/样本,automated_rule,False,False,,hair_follicle; dermal_papilla; hair_compartment; hair_cycle_stage,hair_follicle,hair_cycle_stage; hair_follicle,,,2,https://www.ncbi.nlm.nih.gov/geo/query/acc.cgi?acc=GSE111999
GSE211381,"""Alk1 acts in non-endothelial VE-cadherin+ perineurial cells to maintain nerve branching during hair homeostasis"" and ""Blood endothelial ALK1-BMP4 signaling axis regulates adult hair follicle stem cell activation""",include,13,实验设计明确包含毛囊、头皮、毛周期或相关细胞/样本,include,实验设计明确包含毛囊、头皮、毛周期或相关细胞/样本,automated_rule,False,False,hair_follicle; hair_follicle_stem_cell,,hair_cycle_stage,,,,0,https://www.ncbi.nlm.nih.gov/geo/query/acc.cgi?acc=GSE211381
GSE223723,Blood endothelial Alk1-BMP4 signaling axis ensures adult hair follicle stem cell timely activation,include,17,实验设计明确包含毛囊、头皮、毛周期或相关细胞/样本,include,实验设计明确包含毛囊、头皮、毛周期或相关细胞/样本,automated_rule,False,False,hair_follicle; hair_follicle_stem_cell,hair_follicle; hair_follicle_stem_cell,bulge_cells,,,,1,https://www.ncbi.nlm.nih.gov/geo/query/acc.cgi?acc=GSE223723
GSE226232,TNF-α-Activated Adipose–Derived Stem Cells Improve the Angiogenesis of Full-Thickness Skin Grafts Through the TNF-α/NF-κB Signaling Pathway,review,3,存在毛发相关描述，但缺少足够的研究对象或样本证据,exclude,RNA-seq 对象为 TNF-α 激活的脂肪来源干细胞；毛囊仅列为皮肤移植物需维持的结构。,manual_boundary_review,True,False,,hair_follicle,,,,,1,https://www.ncbi.nlm.nih.gov/geo/query/acc.cgi?acc=GSE226232
GSE196677,Single-cell transcriptomics reveals natural product Shi-Bi-Man promotes hair regeneration,include,24,实验设计明确包含毛囊、头皮、毛周期或相关细胞/样本,include,实验设计明确包含毛囊、头皮、毛周期或相关细胞/样本,automated_rule,False,False,hair_growth,hair_follicle; hair_follicle_stem_cell; dermal_papilla; hair_growth; hair_loss; alopecia,hair_growth,dermal_papilla; hair_follicle; hair_follicle_stem_cell; hair_growth,,,4,https://www.ncbi.nlm.nih.gov/geo/query/acc.cgi?acc=GSE196677
GSE195657,Single nucelus RNA sequencing of 14 week EGA fetal skin,review,1,存在毛发相关描述，但缺少足够的研究对象或样本证据,include,胎儿皮肤单核数据比较形成毛囊与形成皮纹的皮肤区域。,manual_boundary_review,True,False,,hair_follicle,,,,,0,https://www.ncbi.nlm.nih.gov/geo/query/acc.cgi?acc=GSE195657
GSE184346,SCD1 Modulates the Skin Homeostasis via Sustaining Hemidesmosomes,include,7,摘要中多处以皮肤毛囊/毛发生物学为核心问题,include,摘要中多处以皮肤毛囊/毛发生物学为核心问题,automated_rule,False,False,,hair_follicle; hair_follicle_stem_cell; root_sheath; hair_growth,,,,,5,https://www.ncbi.nlm.nih.gov/geo/query/acc.cgi?acc=GSE184346
GSE94237,JAK inhibition in human CD8+ T-cells and C3H/HeJ Mice with Alopecia Areata In Vivo,include,4,标题以毛囊、毛发生物学或脱发为主要研究主题,include,标题以毛囊、毛发生物学或脱发为主要研究主题,automated_rule,False,False,alopecia,,,,,,0,https://www.ncbi.nlm.nih.gov/geo/query/acc.cgi?acc=GSE94237
GSE94236,Effect of systemic exposure of JAK1 Inhibition (AZ13748709) in C3H/HeJ Mice with Alopecia Areata In Vivo,include,23,实验设计明确包含毛囊、头皮、毛周期或相关细胞/样本,include,实验设计明确包含毛囊、头皮、毛周期或相关细胞/样本,automated_rule,False,False,alopecia,hair_growth; alopecia,hair_growth; alopecia,hair_growth,,,2,https://www.ncbi.nlm.nih.gov/geo/query/acc.cgi?acc=GSE94236
GSE94235,Selective Janus kinase 1 inhibition resolves inflammation and restores hair growth offering a viable treatment option for alopecia areata,include,7,标题以毛囊、毛发生物学或脱发为主要研究主题,include,斑秃治疗是明确的主要疾病问题，实验用 CD8 T 细胞比较 JAK 抑制剂的疾病相关免疫机制，符合脱发疾病组学范围。,evidence_adjudication,False,True,hair_growth; alopecia,hair_growth; alopecia,,,,blood_only,1,https://www.ncbi.nlm.nih.gov/geo/query/acc.cgi?acc=GSE94235
GSE203051,Single cell RNA-seq analysis for mouse activated melanocyte stem cells and mature melanocytes,include,21,实验设计明确包含毛囊、头皮、毛周期或相关细胞/样本,include,实验设计明确包含毛囊、头皮、毛周期或相关细胞/样本,automated_rule,False,False,,hair_compartment; hair_cycle_stage; hair_cycle,hair_follicle; hair_compartment; hair_cycle_stage; hair_depletion_model,hair_compartment; hair_cycle; hair_cycle_stage,,,1,https://www.ncbi.nlm.nih.gov/geo/query/acc.cgi?acc=GSE203051
GSE193920,Local IL-17 orchestrates skin aging,review,5,存在毛发相关描述，但缺少足够的研究对象或样本证据,include,皮肤衰老单细胞研究明确分析毛囊干细胞激活和毛干再生。,manual_boundary_review,True,False,,hair_follicle; hair_follicle_stem_cell; hair_compartment,,,,,1,https://www.ncbi.nlm.nih.gov/geo/query/acc.cgi?acc=GSE193920
GSE142095,Isolated of dermal papilla cells from follicular unit extraction,include,24,实验设计明确包含毛囊、头皮、毛周期或相关细胞/样本,include,实验设计明确包含毛囊、头皮、毛周期或相关细胞/样本,automated_rule,False,False,dermal_papilla; follicular_unit,hair_follicle; dermal_papilla; scalp; follicular_unit,dermal_papilla,dermal_papilla,,,3,https://www.ncbi.nlm.nih.gov/geo/query/acc.cgi?acc=GSE142095
GSE198657,"Innate type 2 immunity controls hair follicle commensalism by Demodex mites [IL-4, IL-13]",include,6,标题以毛囊、毛发生物学或脱发为主要研究主题,include,标题以毛囊、毛发生物学或脱发为主要研究主题,automated_rule,False,False,hair_follicle,hair_follicle; hair_cycle_stage,,,,,0,https://www.ncbi.nlm.nih.gov/geo/query/acc.cgi?acc=GSE198657
GSE212791,DNA dioxygenases Tet2/3 control epithelial differentiation (bisulfite-seq),include,12,摘要明确说明毛囊/脱发相关组学对象，且未被无关实验设计否定,include,摘要明确说明毛囊/脱发相关组学对象，且未被无关实验设计否定,automated_rule,False,False,,hair_follicle; hair_growth; hair_loss,,hair_follicle; hair_growth,,,1,https://www.ncbi.nlm.nih.gov/geo/query/acc.cgi?acc=GSE212791
GSE202086,IRX5 promotes DNA damage repair and activation of hair follicle stem cells [NHEK RNA-Seq],exclude,14,标题虽提及毛发/脱发，但实验设计明确指向无关组织或疾病,exclude,该子系列与 GSE202075 使用相同的新生儿包皮 NHEK IRX siRNA RNA-seq 设计；HFSC 研究属于同一 SuperSeries 的其他子系列，当前 accession 不提供毛囊组学样本。,evidence_adjudication,False,True,hair_follicle; hair_follicle_stem_cell,hair_follicle_stem_cell; hair_cycle_stage; hair_cycle,,hair_follicle_stem_cell,,non_hair_epidermal_culture,4,https://www.ncbi.nlm.nih.gov/geo/query/acc.cgi?acc=GSE202086
GSE202076,IRX5 promotes DNA damage repair and activation of hair follicle stem cells,include,7,标题以毛囊、毛发生物学或脱发为主要研究主题,include,标题以毛囊、毛发生物学或脱发为主要研究主题,automated_rule,False,False,hair_follicle; hair_follicle_stem_cell,,,,,,0,https://www.ncbi.nlm.nih.gov/geo/query/acc.cgi?acc=GSE202076
GSE202075,IRX5 promotes DNA damage repair and activation of hair follicle stem cells [nhek_d],exclude,14,标题虽提及毛发/脱发，但实验设计明确指向无关组织或疾病,exclude,该子系列实际 RNA-seq 样本为新生儿包皮 NHEK 的 IRX siRNA 实验；HFSC 研究属于同一 SuperSeries 的其他子系列，当前 accession 不提供毛囊组学样本。,evidence_adjudication,False,True,hair_follicle; hair_follicle_stem_cell,hair_follicle_stem_cell; hair_cycle_stage; hair_cycle,,hair_follicle_stem_cell,,non_hair_epidermal_culture,4,https://www.ncbi.nlm.nih.gov/geo/query/acc.cgi?acc=GSE202075
GSE201884,IRX5 promotes DNA damage repair and activation of hair follicle stem cells [ms_epidermis],include,18,标题以毛囊、毛发生物学或脱发为主要研究主题,include,标题以毛囊、毛发生物学或脱发为主要研究主题,automated_rule,False,False,hair_follicle; hair_follicle_stem_cell,hair_follicle_stem_cell; hair_cycle_stage; hair_cycle,,hair_follicle_stem_cell,,,4,https://www.ncbi.nlm.nih.gov/geo/query/acc.cgi?acc=GSE201884
GSE215133,Progenitor-derived endothelin controls dermal sheath contraction for hair follicle regression,include,23,实验设计明确包含毛囊、头皮、毛周期或相关细胞/样本,include,实验设计明确包含毛囊、头皮、毛周期或相关细胞/样本,automated_rule,False,False,hair_follicle; dermal_sheath,dermal_papilla; dermal_sheath; hair_growth,dermal_papilla; dermal_sheath; hair_cycle_stage,,,,2,https://www.ncbi.nlm.nih.gov/geo/query/acc.cgi?acc=GSE215133
GSE185087,RNA sequencing of slow-and fast-cycling epidermal stem cells vs hair follicle stem cells in young vs old mice,include,29,实验设计明确包含毛囊、头皮、毛周期或相关细胞/样本,include,实验设计明确包含毛囊、头皮、毛周期或相关细胞/样本,automated_rule,False,False,hair_follicle; hair_follicle_stem_cell,hair_follicle; hair_follicle_stem_cell,hair_follicle; hair_follicle_stem_cell,hair_follicle; hair_follicle_stem_cell,,,2,https://www.ncbi.nlm.nih.gov/geo/query/acc.cgi?acc=GSE185087
GSE184866,RNA-seq of 3D-culture balding and non-balding dermal papilla cells,include,30,实验设计明确包含毛囊、头皮、毛周期或相关细胞/样本,include,实验设计明确包含毛囊、头皮、毛周期或相关细胞/样本,automated_rule,False,False,dermal_papilla; balding,dermal_papilla; hair_loss; alopecia; androgenetic_alopecia; balding,dermal_papilla; balding,balding; dermal_papilla,,,2,https://www.ncbi.nlm.nih.gov/geo/query/acc.cgi?acc=GSE184866
GSE184501,RNA-seq of 2D-culture balding and non-balding dermal papilla cells,include,30,实验设计明确包含毛囊、头皮、毛周期或相关细胞/样本,include,实验设计明确包含毛囊、头皮、毛周期或相关细胞/样本,automated_rule,False,False,dermal_papilla; balding,dermal_papilla; hair_loss; alopecia; androgenetic_alopecia; balding,dermal_papilla; balding,balding; dermal_papilla,,,2,https://www.ncbi.nlm.nih.gov/geo/query/acc.cgi?acc=GSE184501
GSE213603,Ox40-Cre-mediated deletion of BRD4 reveals an unexpected phenotype of hair follicle stem cells in alopecia,include,24,实验设计明确包含毛囊、头皮、毛周期或相关细胞/样本,include,实验设计明确包含毛囊、头皮、毛周期或相关细胞/样本,automated_rule,False,False,hair_follicle; hair_follicle_stem_cell; alopecia,hair_follicle_stem_cell; hair_growth,hair_follicle_stem_cell,hair_follicle_stem_cell; hair_growth,,,1,https://www.ncbi.nlm.nih.gov/geo/query/acc.cgi?acc=GSE213603
GSE212823,DNA dioxygenases Tet2/3 control epithelial differentiation [RNA-seq],include,20,实验设计明确包含毛囊、头皮、毛周期或相关细胞/样本,include,实验设计明确包含毛囊、头皮、毛周期或相关细胞/样本,automated_rule,False,False,,hair_follicle; hair_compartment; hair_growth; hair_loss,hair_compartment,hair_compartment; hair_follicle; hair_growth,,,2,https://www.ncbi.nlm.nih.gov/geo/query/acc.cgi?acc=GSE212823
GSE212301,A novel Long non-coding RNA AL136131.3 inhibits hair growth through mediating glycolysis in androgen alopecia,include,23,实验设计明确包含毛囊、头皮、毛周期或相关细胞/样本,include,实验设计明确包含毛囊、头皮、毛周期或相关细胞/样本,automated_rule,False,False,hair_growth; alopecia; androgenetic_alopecia,hair_follicle; hair_growth; alopecia; androgenetic_alopecia,hair_follicle; alopecia; androgenetic_alopecia,,,,3,https://www.ncbi.nlm.nih.gov/geo/query/acc.cgi?acc=GSE212301
GSE183831,mRNA sequencing of skins isolated from B6;129S4-Npytm2Rpa/J homozygous mice and wildtype litter mates reveals transcriptomic changes indicative of skin inflammation associated with Npy overexpression.,review,4,存在毛发相关描述，但缺少足够的研究对象或样本证据,exclude,当前全皮肤 RNA-seq 专门研究 NPY 过表达导致的非黑素细胞炎症病理；毛发变灰是既往模型表型背景。,evidence_adjudication,True,True,,hair_follicle; hair_pigmentation,,,,,1,https://www.ncbi.nlm.nih.gov/geo/query/acc.cgi?acc=GSE183831
GSE197983,Innate type 2 immunity controls hair follicle commensalism by Demodex mites,include,4,标题以毛囊、毛发生物学或脱发为主要研究主题,include,标题以毛囊、毛发生物学或脱发为主要研究主题,automated_rule,False,False,hair_follicle,,,,,,0,https://www.ncbi.nlm.nih.gov/geo/query/acc.cgi?acc=GSE197983
GSE197982,Innate type 2 immunity controls hair follicle commensalism by Demodex mites [2021],include,6,标题以毛囊、毛发生物学或脱发为主要研究主题,include,标题以毛囊、毛发生物学或脱发为主要研究主题,automated_rule,False,False,hair_follicle,hair_follicle; hair_cycle_stage,,,,,0,https://www.ncbi.nlm.nih.gov/geo/query/acc.cgi?acc=GSE197982
GSE197981,Innate type 2 immunity controls hair follicle commensalism by Demodex mites [2019],include,6,标题以毛囊、毛发生物学或脱发为主要研究主题,include,标题以毛囊、毛发生物学或脱发为主要研究主题,automated_rule,False,False,hair_follicle,hair_follicle; hair_cycle_stage,,,,,0,https://www.ncbi.nlm.nih.gov/geo/query/acc.cgi?acc=GSE197981
GSE186075,Primary cicatricial alopecias are characterized by dysregulation of shared gene expression pathways,include,20,标题以毛囊、毛发生物学或脱发为主要研究主题,include,标题以毛囊、毛发生物学或脱发为主要研究主题,automated_rule,False,False,alopecia,alopecia; scalp,scalp,scalp,,,2,https://www.ncbi.nlm.nih.gov/geo/query/acc.cgi?acc=GSE186075
GSE193269,Comparative spatial transcriptomic and single-cell analyses of human nail units and hair follicles demonstrate transcriptional similarities between the onychodermis and follicular dermal papilla,include,9,标题以毛囊、毛发生物学或脱发为主要研究主题,include,标题以毛囊、毛发生物学或脱发为主要研究主题,automated_rule,False,False,hair_follicle; dermal_papilla,hair_follicle; dermal_papilla,,,,,0,https://www.ncbi.nlm.nih.gov/geo/query/acc.cgi?acc=GSE193269
GSE201445,Next generation sequence analysis of cells derived from mouse hair follicles after long term culture,include,19,实验设计明确包含毛囊、头皮、毛周期或相关细胞/样本,include,实验设计明确包含毛囊、头皮、毛周期或相关细胞/样本,automated_rule,False,False,hair_follicle,hair_follicle; hair_follicle_stem_cell,hair_follicle; hair_follicle_stem_cell,,,,3,https://www.ncbi.nlm.nih.gov/geo/query/acc.cgi?acc=GSE201445
GSE193763,RNA-seq analyses of effects of Alpinetin and Zingiberone on hair follicle regeneration,include,17,实验设计明确包含毛囊、头皮、毛周期或相关细胞/样本,include,实验设计明确包含毛囊、头皮、毛周期或相关细胞/样本,automated_rule,False,False,hair_follicle,hair_follicle,hair_depletion_model,hair_follicle,,,1,https://www.ncbi.nlm.nih.gov/geo/query/acc.cgi?acc=GSE193763
GSE193386,"Transcriptome profiling reveals different expression pattern in baseline group, 0G group,and 5G group in ex vivo organ-cultured HFs.",include,20,实验设计明确包含毛囊、头皮、毛周期或相关细胞/样本,include,实验设计明确包含毛囊、头皮、毛周期或相关细胞/样本,automated_rule,False,False,,hair_follicle; root_sheath; hair_pigmentation; scalp,hair_follicle,hair_follicle; scalp,,,3,https://www.ncbi.nlm.nih.gov/geo/query/acc.cgi?acc=GSE193386
GSE181390,Chromatin remodeling governs postnatal maturation in dermal fibroblasts [scRNA-Seq],review,3,存在毛发相关描述，但缺少足够的研究对象或样本证据,include,新生皮肤多细胞数据用于解释能够恢复功能性毛囊的再生性成纤维细胞状态。,manual_boundary_review,True,False,,hair_follicle,,,,,1,https://www.ncbi.nlm.nih.gov/geo/query/acc.cgi?acc=GSE181390
GSE160513,Leptin receptor marks and targets the hair follicle mesenchymal niche,include,4,标题以毛囊、毛发生物学或脱发为主要研究主题,include,标题以毛囊、毛发生物学或脱发为主要研究主题,automated_rule,False,False,hair_follicle,,,,,,0,https://www.ncbi.nlm.nih.gov/geo/query/acc.cgi?acc=GSE160513
GSE201447,ScRNA-seq Analysis of Whole Skin Cells from Irradiated and Naïve Mice,review,3,存在毛发相关描述，但缺少足够的研究对象或样本证据,include,研究目标明确包括放射诱导性脱发，组学样本来自照射后全皮肤。,manual_boundary_review,True,False,,alopecia,,,,,1,https://www.ncbi.nlm.nih.gov/geo/query/acc.cgi?acc=GSE201447
GSE183808,Regulatory T cells in skin promote hair follicle stem cell activation and hair growth through glucocorticoid signaling,include,7,标题以毛囊、毛发生物学或脱发为主要研究主题,include,标题以毛囊、毛发生物学或脱发为主要研究主题,automated_rule,False,False,hair_follicle; hair_follicle_stem_cell; hair_growth,,,,,,0,https://www.ncbi.nlm.nih.gov/geo/query/acc.cgi?acc=GSE183808
GSE183805,Regulatory T cells in skin promote hair follicle stem cell activation and hair growth through glucocorticoid signaling (RNA-Seq),include,30,实验设计明确包含毛囊、头皮、毛周期或相关细胞/样本,include,实验设计明确包含毛囊、头皮、毛周期或相关细胞/样本,automated_rule,False,False,hair_follicle; hair_follicle_stem_cell; hair_growth,hair_follicle; hair_follicle_stem_cell; hair_growth,hair_follicle; hair_follicle_stem_cell; hair_depletion_model,hair_follicle; hair_follicle_stem_cell,,,5,https://www.ncbi.nlm.nih.gov/geo/query/acc.cgi?acc=GSE183805
GSE196265,Expanded CUG repeat RNA alters gene expression profiles in myotonic dystrophy model cells,exclude,-7,毛发/脱发仅作为药物适应证、不良事件、临床表现或次要结局出现,exclude,毛发/脱发仅作为药物适应证、不良事件、临床表现或次要结局出现,automated_rule,False,False,,balding,,,clinical_manifestation,muscle,0,https://www.ncbi.nlm.nih.gov/geo/query/acc.cgi?acc=GSE196265
GSE197358,Bead-Jet printing of high-density mesenchymal stem cell-laden Matrigel beads augments skeletal muscle and hair follicle regeneration,exclude,0,研究对象明确属于其他器官/疾病，未发现毛囊相关样本证据,exclude,SuperSeries 的两个组学子系列分别分析水凝胶中的 MSC 和受损骨骼肌；没有毛囊或毛发再生组学子系列。,evidence_adjudication,False,True,hair_follicle,,,,,muscle,0,https://www.ncbi.nlm.nih.gov/geo/query/acc.cgi?acc=GSE197358
GSE197356,Bead-Jet printing of high-density mesenchymal stem cell-laden Matrigel beads augments skeletal muscle and hair follicle regeneration [skeletal muscle],exclude,0,研究对象明确属于其他器官/疾病，未发现毛囊相关样本证据,exclude,研究对象明确属于其他器官/疾病，未发现毛囊相关样本证据,automated_rule,False,False,hair_follicle,,,,,muscle,0,https://www.ncbi.nlm.nih.gov/geo/query/acc.cgi?acc=GSE197356
GSE197355,Bead-Jet printing of high-density mesenchymal stem cell-laden Matrigel beads augments skeletal muscle and hair follicle regeneration [MSC],exclude,0,研究对象明确属于其他器官/疾病，未发现毛囊相关样本证据,exclude,研究对象明确属于其他器官/疾病，未发现毛囊相关样本证据,automated_rule,False,False,hair_follicle,,,,,muscle,0,https://www.ncbi.nlm.nih.gov/geo/query/acc.cgi?acc=GSE197355
GSE195973,Intermediate GATA3 expression renders a noncanonical ILC population in skin essential for hair follicle recycling,include,13,实验设计明确包含毛囊、头皮、毛周期或相关细胞/样本,include,实验设计明确包含毛囊、头皮、毛周期或相关细胞/样本,automated_rule,False,False,hair_follicle,hair_follicle,hair_depletion_model,,,,1,https://www.ncbi.nlm.nih.gov/geo/query/acc.cgi?acc=GSE195973
GSE124121,"RNA-seq of human lens with cataracts, alopecia, & microdontia",exclude,-3,标题虽提及毛发/脱发，但实验设计明确指向无关组织或疾病,exclude,标题虽提及毛发/脱发，但实验设计明确指向无关组织或疾病,automated_rule,False,False,alopecia,alopecia,,,clinical_manifestation,ocular,0,https://www.ncbi.nlm.nih.gov/geo/query/acc.cgi?acc=GSE124121
GSE165314,Stem cells expand potency and alter tissue fitness by accumulating diverse epigenetic memories (scRNA-seq),review,4,存在毛发相关描述，但缺少足够的研究对象或样本证据,include,直接追踪毛囊干细胞在损伤修复中的命运和表观遗传记忆。,manual_boundary_review,True,False,,hair_follicle; hair_follicle_stem_cell,,,,,1,https://www.ncbi.nlm.nih.gov/geo/query/acc.cgi?acc=GSE165314
GSE189210,Parallel single cell multi-omics analysis of neonatal skin reveals transitional fibroblast states that restrict differentiation into distinct fates,review,3,存在毛发相关描述，但缺少足够的研究对象或样本证据,include,多组学分析直接解析 dermal papilla 与脂肪细胞命运分化。,manual_boundary_review,True,False,,dermal_papilla,,,,,1,https://www.ncbi.nlm.nih.gov/geo/query/acc.cgi?acc=GSE189210
GSE172082,Polycomb repressive complex 2 (PRC2) function in adult hair follicle stem cells is dispensable for hair regenration,include,19,实验设计明确包含毛囊、头皮、毛周期或相关细胞/样本,include,实验设计明确包含毛囊、头皮、毛周期或相关细胞/样本,automated_rule,False,False,hair_follicle; hair_follicle_stem_cell,hair_follicle_stem_cell,hair_follicle; hair_follicle_stem_cell; hair_cycle_stage,,,,1,https://www.ncbi.nlm.nih.gov/geo/query/acc.cgi?acc=GSE172082
GSE134893,Transcriptome analysis of mice dermal white adipose tissue during aging,include,6,实验设计明确包含毛囊、头皮、毛周期或相关细胞/样本,include,实验设计明确包含毛囊、头皮、毛周期或相关细胞/样本,automated_rule,False,False,,hair_follicle,hair_cycle_stage; hair_depletion_model,,comparison_only,,0,https://www.ncbi.nlm.nih.gov/geo/query/acc.cgi?acc=GSE134893
GSE145654,Single cell transcriptomic analysis of aging hair follicles,include,10,实验设计明确包含毛囊、头皮、毛周期或相关细胞/样本,include,实验设计明确包含毛囊、头皮、毛周期或相关细胞/样本,automated_rule,False,False,hair_follicle,,hair_follicle,,,,0,https://www.ncbi.nlm.nih.gov/geo/query/acc.cgi?acc=GSE145654
GSE133648,Escape of hair follicle stem cells from a defective niche,include,7,标题以毛囊、毛发生物学或脱发为主要研究主题,include,标题以毛囊、毛发生物学或脱发为主要研究主题,automated_rule,False,False,hair_follicle; hair_follicle_stem_cell,,,,,,0,https://www.ncbi.nlm.nih.gov/geo/query/acc.cgi?acc=GSE133648
GSE133647,Transcriptome analysis of hair follcile stem cell quiescence,include,16,实验设计明确包含毛囊、头皮、毛周期或相关细胞/样本,include,实验设计明确包含毛囊、头皮、毛周期或相关细胞/样本,automated_rule,False,False,,hair_follicle; hair_follicle_stem_cell; hair_cycle,hair_follicle_stem_cell; hair_cycle_stage; hair_cycle,,,,2,https://www.ncbi.nlm.nih.gov/geo/query/acc.cgi?acc=GSE133647
GSE175990,Single cell transcriptional profile for hidradenitis suppurativa,review,3,存在毛发相关描述，但缺少足够的研究对象或样本证据,include,化脓性汗腺炎是毛囊单位相关的炎症性疾病，病灶皮肤单细胞数据可用于研究毛囊单位病理。,evidence_adjudication,True,True,,hair_follicle,,,,,1,https://www.ncbi.nlm.nih.gov/geo/query/acc.cgi?acc=GSE175990
GSE164024,Epidermal PPARγ is a key homeostatic regulator of cutaneous inflammation and barrier function in mouse skin,exclude,-3,毛发/脱发仅作为药物适应证、不良事件、临床表现或次要结局出现,exclude,主要问题是表皮 PPARγ 对炎症、屏障和皮脂腺稳态的调控；alopecia 是多个敲除表型之一。,evidence_adjudication,False,True,,alopecia,,,clinical_manifestation,,0,https://www.ncbi.nlm.nih.gov/geo/query/acc.cgi?acc=GSE164024
GSE180798,Transcriptomic profiles of type I/III interferon-responsive hair follicle subsets from ROSA26YFP_Mx1 and ADAM10;ROSA26YFP_Mx1mice,include,11,标题以毛囊、毛发生物学或脱发为主要研究主题,include,标题以毛囊、毛发生物学或脱发为主要研究主题,automated_rule,False,False,hair_follicle,hair_follicle,,hair_follicle,,,1,https://www.ncbi.nlm.nih.gov/geo/query/acc.cgi?acc=GSE180798
GSE180723,"Single-cell transcriptomic profiles of CD45-negative cells from WT (C57BL/6), antibiotics non-treated Mx1Cre-Adam10f/f and antibiotics treated Mx1Cre-Adam10f/f mice",include,10,摘要明确说明毛囊/脱发相关组学对象，且未被无关实验设计否定,include,摘要明确说明毛囊/脱发相关组学对象，且未被无关实验设计否定,automated_rule,False,False,,hair_follicle; alopecia,,hair_follicle,,,2,https://www.ncbi.nlm.nih.gov/geo/query/acc.cgi?acc=GSE180723
GSE180718,Single-cell transcriptomic profiles of CD45-negative cells from Mx1Cre-Rbpjf/f mice,include,8,摘要明确说明毛囊/脱发相关组学对象，且未被无关实验设计否定,include,摘要明确说明毛囊/脱发相关组学对象，且未被无关实验设计否定,automated_rule,False,False,,hair_follicle; alopecia,,hair_follicle,,,1,https://www.ncbi.nlm.nih.gov/geo/query/acc.cgi?acc=GSE180718
GSE180435,Transcriptomic profiles of type I/III interferon-responsive hair follicle subsets from WT with or without Poly:IC injection,include,10,实验设计明确包含毛囊、头皮、毛周期或相关细胞/样本,include,实验设计明确包含毛囊、头皮、毛周期或相关细胞/样本,automated_rule,False,False,hair_follicle,,hair_follicle,,,,0,https://www.ncbi.nlm.nih.gov/geo/query/acc.cgi?acc=GSE180435
GSE180405,Single-cell transcriptomic profiles of CD45-positive cells from Mx1-Cre x Adam10f/f Rag2KO mice,review,1,存在毛发相关描述，但缺少足够的研究对象或样本证据,include,炎症性脱发模型的皮肤免疫细胞单细胞数据。,manual_boundary_review,True,False,,alopecia,,,,,0,https://www.ncbi.nlm.nih.gov/geo/query/acc.cgi?acc=GSE180405
GSE166921,RNA sequencing of isolated murine basal and suprabasal hair follicle bulge stem cells,include,20,实验设计明确包含毛囊、头皮、毛周期或相关细胞/样本,include,实验设计明确包含毛囊、头皮、毛周期或相关细胞/样本,automated_rule,False,False,hair_follicle,hair_follicle,hair_cycle_stage; bulge_cells,hair_follicle,,,1,https://www.ncbi.nlm.nih.gov/geo/query/acc.cgi?acc=GSE166921
GSE93766,Transcriptome comparison of balding and non-balding dermal papilla aggregates from NHEK co-culturing,include,26,实验设计明确包含毛囊、头皮、毛周期或相关细胞/样本,include,实验设计明确包含毛囊、头皮、毛周期或相关细胞/样本,automated_rule,False,False,dermal_papilla; balding,hair_follicle; dermal_papilla; hair_loss; alopecia; androgenetic_alopecia; balding,dermal_papilla; balding,balding; dermal_papilla,,non_hair_epidermal_culture,3,https://www.ncbi.nlm.nih.gov/geo/query/acc.cgi?acc=GSE93766
GSE178374,Transcriptome Analysis of Dihydrotestosterone-treated 2D- and 3D-cultured Dermal Papilla Cells,include,20,实验设计明确包含毛囊、头皮、毛周期或相关细胞/样本,include,实验设计明确包含毛囊、头皮、毛周期或相关细胞/样本,automated_rule,False,False,dermal_papilla,hair_follicle; dermal_papilla; root_sheath; alopecia,hair_follicle; dermal_papilla; balding,,,,3,https://www.ncbi.nlm.nih.gov/geo/query/acc.cgi?acc=GSE178374
GSE154871,Hair follicle stem cell progeny heal blisters while pausing skin development,include,10,标题以毛囊、毛发生物学或脱发为主要研究主题,include,标题以毛囊、毛发生物学或脱发为主要研究主题,automated_rule,False,False,hair_follicle; hair_follicle_stem_cell,hair_follicle,,,,,1,https://www.ncbi.nlm.nih.gov/geo/query/acc.cgi?acc=GSE154871
GSE148037,Wound healing and hair follicle regeneration with topical BRAF inhibitor therapy in a diabetic model,include,11,标题以毛囊、毛发生物学或脱发为主要研究主题,include,标题以毛囊、毛发生物学或脱发为主要研究主题,automated_rule,False,False,hair_follicle,hair_follicle,,hair_follicle,,,1,https://www.ncbi.nlm.nih.gov/geo/query/acc.cgi?acc=GSE148037
GSE148619,Niche stiffening compromises stem cell potential during aging by reducing chromatin accessibility at bivalent promoters,include,20,实验设计明确包含毛囊、头皮、毛周期或相关细胞/样本,include,实验设计明确包含毛囊、头皮、毛周期或相关细胞/样本,automated_rule,False,False,,hair_follicle; hair_follicle_stem_cell,hair_follicle; hair_follicle_stem_cell,hair_follicle; hair_follicle_stem_cell,,,1,https://www.ncbi.nlm.nih.gov/geo/query/acc.cgi?acc=GSE148619
GSE173591,Defining a role for GPCR/cAMP/Creb signaling in HFSC activation,include,14,实验设计明确包含毛囊、头皮、毛周期或相关细胞/样本,include,实验设计明确包含毛囊、头皮、毛周期或相关细胞/样本,automated_rule,False,False,hair_follicle_stem_cell,hair_follicle_stem_cell; hair_cycle,hair_cycle,,,,1,https://www.ncbi.nlm.nih.gov/geo/query/acc.cgi?acc=GSE173591
GSE149704,Effect of N1-acetylspermidine treatment on hair follicle stem cell organoid cultures,include,24,实验设计明确包含毛囊、头皮、毛周期或相关细胞/样本,include,实验设计明确包含毛囊、头皮、毛周期或相关细胞/样本,automated_rule,False,False,hair_follicle; hair_follicle_stem_cell,hair_follicle; hair_follicle_stem_cell,hair_follicle_stem_cell,hair_follicle; hair_follicle_stem_cell,,,1,https://www.ncbi.nlm.nih.gov/geo/query/acc.cgi?acc=GSE149704
GSE164806,Effect of N1-acetylspermidine treatment on the translatome of hair follicle stem cell organoid cultures,include,24,实验设计明确包含毛囊、头皮、毛周期或相关细胞/样本,include,实验设计明确包含毛囊、头皮、毛周期或相关细胞/样本,automated_rule,False,False,hair_follicle; hair_follicle_stem_cell,hair_follicle; hair_follicle_stem_cell,hair_follicle_stem_cell,hair_follicle; hair_follicle_stem_cell,,,1,https://www.ncbi.nlm.nih.gov/geo/query/acc.cgi?acc=GSE164806
GSE147372,Tracing the origin of hair follicle stem cells,include,14,标题以毛囊、毛发生物学或脱发为主要研究主题,include,标题以毛囊、毛发生物学或脱发为主要研究主题,automated_rule,False,False,hair_follicle; hair_follicle_stem_cell,hair_follicle,,hair_follicle,,,1,https://www.ncbi.nlm.nih.gov/geo/query/acc.cgi?acc=GSE147372
GSE169173,Obesity accelerates hair thinning by stem cell-centric converging mechanism [RNA-seq],include,20,实验设计明确包含毛囊、头皮、毛周期或相关细胞/样本,include,实验设计明确包含毛囊、头皮、毛周期或相关细胞/样本,automated_rule,False,False,hair_loss,hair_follicle; hair_follicle_stem_cell; hair_loss,hair_follicle; hair_follicle_stem_cell; hair_cycle_stage,,,,5,https://www.ncbi.nlm.nih.gov/geo/query/acc.cgi?acc=GSE169173
GSE162333,High resolution single cell transcriptomics reveals heterogeneity of self-renewing hair follicle stem cells,include,30,实验设计明确包含毛囊、头皮、毛周期或相关细胞/样本,include,实验设计明确包含毛囊、头皮、毛周期或相关细胞/样本,automated_rule,False,False,hair_follicle; hair_follicle_stem_cell,hair_follicle; hair_follicle_stem_cell; hair_cycle_stage,hair_follicle; hair_follicle_stem_cell; hair_cycle_stage,hair_cycle_stage; hair_follicle; hair_follicle_stem_cell,,,2,https://www.ncbi.nlm.nih.gov/geo/query/acc.cgi?acc=GSE162333
GSE171662,Lgr6 marks epidermal stem cells with a nerve-dependent role in wound re- epithelialization,review,4,存在毛发相关描述，但缺少足够的研究对象或样本证据,exclude,组学对象是 Lgr6 表皮干细胞及其神经依赖的创伤修复；毛囊干细胞仅作为失神经后的代偿群体被提及。,evidence_adjudication,True,True,,hair_follicle; hair_follicle_stem_cell,,,,,1,https://www.ncbi.nlm.nih.gov/geo/query/acc.cgi?acc=GSE171662
GSE161387,High proliferation and delamination during skin epidermal stratification,review,3,存在毛发相关描述，但缺少足够的研究对象或样本证据,exclude,主要研究表皮分层，毛囊停滞只是突变表型之一，组学样本并非毛囊细胞。,manual_boundary_review,True,False,,hair_follicle,,,,,1,https://www.ncbi.nlm.nih.gov/geo/query/acc.cgi?acc=GSE161387
GSE169650,Epigenomic profiling of hair follicle stem cells identifies PRDM16 as a regulator of sebaceous gland homeostasis.,include,7,标题以毛囊、毛发生物学或脱发为主要研究主题,include,标题以毛囊、毛发生物学或脱发为主要研究主题,automated_rule,False,False,hair_follicle; hair_follicle_stem_cell,,,,,,0,https://www.ncbi.nlm.nih.gov/geo/query/acc.cgi?acc=GSE169650
GSE169648,Epigenomic profiling of hair follicle stem cells identifies PRDM16 as a regulator of sebaceous gland homeostasis [RNA-seq],include,17,标题以毛囊、毛发生物学或脱发为主要研究主题,include,标题以毛囊、毛发生物学或脱发为主要研究主题,automated_rule,False,False,hair_follicle; hair_follicle_stem_cell,hair_follicle; hair_follicle_stem_cell,,hair_follicle_stem_cell,,,3,https://www.ncbi.nlm.nih.gov/geo/query/acc.cgi?acc=GSE169648
GSE159939,Symmetry breaking of tissue mechanics in wound induced hair follicle regeneration,include,4,标题以毛囊、毛发生物学或脱发为主要研究主题,include,标题以毛囊、毛发生物学或脱发为主要研究主题,automated_rule,False,False,hair_follicle,,,,,,0,https://www.ncbi.nlm.nih.gov/geo/query/acc.cgi?acc=GSE159939
GSE159938,Symmetry breaking of tissue mechanics in wound induced hair follicle regeneration [bulk RNA-seq],include,4,标题以毛囊、毛发生物学或脱发为主要研究主题,include,标题以毛囊、毛发生物学或脱发为主要研究主题,automated_rule,False,False,hair_follicle,,,,,,0,https://www.ncbi.nlm.nih.gov/geo/query/acc.cgi?acc=GSE159938
GSE135705,Corticosterone inhibits Gas6 to govern hair follicle stem cell quiescence,include,23,实验设计明确包含毛囊、头皮、毛周期或相关细胞/样本,include,实验设计明确包含毛囊、头皮、毛周期或相关细胞/样本,automated_rule,False,False,hair_follicle; hair_follicle_stem_cell,hair_follicle; hair_follicle_stem_cell; dermal_papilla; hair_growth,hair_follicle; hair_follicle_stem_cell; dermal_papilla,,,,5,https://www.ncbi.nlm.nih.gov/geo/query/acc.cgi?acc=GSE135705
GSE139272,Genotoxicity induces epithelial hyperplasia and lineage infidelity via fibroblast IL-1β,review,3,存在毛发相关描述，但缺少足够的研究对象或样本证据,exclude,RNA-seq 对象为顺铂处理的真皮成纤维细胞，主要研究基因毒性后的上皮异常；毛囊只是受影响的多个上皮区室之一。,evidence_adjudication,True,True,,hair_follicle,,,,,1,https://www.ncbi.nlm.nih.gov/geo/query/acc.cgi?acc=GSE139272
GSE149189,"RNA-Seq of human fetal and adult scalp hair follicle dermal papilla (DP), dermal sheath cup (DSC), and interfollicular dermal (IFD) cells",include,23,实验设计明确包含毛囊、头皮、毛周期或相关细胞/样本,include,实验设计明确包含毛囊、头皮、毛周期或相关细胞/样本,automated_rule,False,False,hair_follicle; dermal_papilla; dermal_sheath; scalp,hair_follicle; dermal_papilla; dermal_sheath; hair_cycle_stage; hair_growth; scalp,hair_follicle; dermal_papilla; dermal_sheath; hair_cycle_stage; scalp,,,,4,https://www.ncbi.nlm.nih.gov/geo/query/acc.cgi?acc=GSE149189
GSE147298,BMP signaling: at the gate between activated melanocyte stem cells and differentiation [SMART-Seq2 single cell RNA-seq],review,2,存在毛发相关描述，但缺少足够的研究对象或样本证据,include,研究与毛周期同步的 melanocyte stem cells 激活、分化和毛发变灰。,manual_boundary_review,True,False,,hair_cycle; hair_pigmentation,,,,,0,https://www.ncbi.nlm.nih.gov/geo/query/acc.cgi?acc=GSE147298
GSE147295,BMP signaling: at the gate between activated melanocyte stem cells and differentiation [RNA-Seq],include,8,实验设计明确包含毛囊、头皮、毛周期或相关细胞/样本,include,实验设计明确包含毛囊、头皮、毛周期或相关细胞/样本,automated_rule,False,False,,hair_cycle; hair_pigmentation,hair_cycle_stage,,,,0,https://www.ncbi.nlm.nih.gov/geo/query/acc.cgi?acc=GSE147295
GSE150954,"Melanocyte precursors in the hair follicle bulge of repigmented vitiligo skin are controlled by RHO-GTPase, KCTD10 and CTNNB1 signaling",include,14,实验设计明确包含毛囊、头皮、毛周期或相关细胞/样本,include,实验设计明确包含毛囊、头皮、毛周期或相关细胞/样本,automated_rule,False,False,hair_follicle,hair_follicle,hair_follicle; root_sheath,,,,0,https://www.ncbi.nlm.nih.gov/geo/query/acc.cgi?acc=GSE150954
GSE159140,Next Generation Sequencing based mRNA sequencing of osteogenic differentiation of human mesenchymal stem cells from hair follicle outer root sheath (MSCORS),include,12,实验设计明确包含毛囊、头皮、毛周期或相关细胞/样本,include,实验设计明确包含毛囊、头皮、毛周期或相关细胞/样本,automated_rule,False,False,hair_follicle; root_sheath,,hair_follicle; root_sheath,,,bone_tumor,0,https://www.ncbi.nlm.nih.gov/geo/query/acc.cgi?acc=GSE159140
GSE159139,Next Generation Sequencing based mRNA sequencing of human mesenchymal stem cells from hair follicle outer root sheath,include,30,实验设计明确包含毛囊、头皮、毛周期或相关细胞/样本,include,实验设计明确包含毛囊、头皮、毛周期或相关细胞/样本,automated_rule,False,False,hair_follicle; root_sheath,hair_follicle; root_sheath; hair_cycle_stage; scalp,hair_follicle; root_sheath,hair_cycle_stage; hair_follicle; root_sheath; scalp,,,2,https://www.ncbi.nlm.nih.gov/geo/query/acc.cgi?acc=GSE159139
GSE150701,Specific ectodermal enhancers control the expression of Hoxc genes in developing mammalian teguments [RNA-seq],review,1,存在毛发相关描述，但缺少足够的研究对象或样本证据,exclude,RNA-seq 取自胚胎远端肢芽外胚层/中胚层，主要解析甲/爪相关 HoxC 调控；脱发是全身遗传表型而非当前组学对象。,evidence_adjudication,True,True,,alopecia,,,,,0,https://www.ncbi.nlm.nih.gov/geo/query/acc.cgi?acc=GSE150701
GSE145095,A transcriptomic atlas of murine and human alopecia areata identifies immune cell profiles predictive of human disease state.,include,6,标题以毛囊、毛发生物学或脱发为主要研究主题,include,标题以毛囊、毛发生物学或脱发为主要研究主题,automated_rule,False,False,alopecia,hair_follicle; alopecia,,,,,0,https://www.ncbi.nlm.nih.gov/geo/query/acc.cgi?acc=GSE145095
GSE155837,Gene expression profiling of Dermal Papilla cells isolated from wild type (WT) and Fgfr1/Fgfr2 double mutant mice during anagen (at P14 and P16) was performed by RNA-seq analysis,include,7,标题以毛囊、毛发生物学或脱发为主要研究主题,include,标题以毛囊、毛发生物学或脱发为主要研究主题,automated_rule,False,False,dermal_papilla; hair_cycle_stage,,,,,,0,https://www.ncbi.nlm.nih.gov/geo/query/acc.cgi?acc=GSE155837
GSE131600,Single-cell ATAC-Seq of cells recruited to regenerative portions of large skin wounds.,review,1,存在毛发相关描述，但缺少足够的研究对象或样本证据,include,大创面单细胞 ATAC 直接研究 wound-induced hair follicle neogenesis。,manual_boundary_review,True,False,,hair_follicle,,,,,0,https://www.ncbi.nlm.nih.gov/geo/query/acc.cgi?acc=GSE131600
GSE108677,Single-cell transcriptomics of Hic1 lineage cells recruited during regenerative and scar-forming skin wound healing.,review,3,存在毛发相关描述，但缺少足够的研究对象或样本证据,include,再生性大创面间充质细胞数据用于解释新毛囊诱导状态。,manual_boundary_review,True,False,,hair_follicle,,,,,1,https://www.ncbi.nlm.nih.gov/geo/query/acc.cgi?acc=GSE108677
GSE130240,Sympathetic nerves and arrector pili muscles form a dual component niche to regulate hair follicle stem cells,include,26,实验设计明确包含毛囊、头皮、毛周期或相关细胞/样本,include,实验设计明确包含毛囊、头皮、毛周期或相关细胞/样本,automated_rule,False,False,hair_follicle; hair_follicle_stem_cell,hair_follicle; hair_follicle_stem_cell,hair_follicle; hair_follicle_stem_cell,hair_follicle,,,5,https://www.ncbi.nlm.nih.gov/geo/query/acc.cgi?acc=GSE130240
GSE152537,Transcriptomic profiling in NTAPP-exposed human dermal papilla cells.,include,11,标题以毛囊、毛发生物学或脱发为主要研究主题,include,标题以毛囊、毛发生物学或脱发为主要研究主题,automated_rule,False,False,dermal_papilla,dermal_papilla,,dermal_papilla,,,1,https://www.ncbi.nlm.nih.gov/geo/query/acc.cgi?acc=GSE152537
GSE132383,Validation of small molecule activators and identification of altered signaling pathways underlying the age-related decline in proliferative capacity in human dermal progenitors,review,2,存在毛发相关描述，但缺少足够的研究对象或样本证据,include,比较年轻和衰老的人毛囊 dermal progenitor cells 转录组。,manual_boundary_review,True,False,,hair_follicle; dermal_papilla,,,,,0,https://www.ncbi.nlm.nih.gov/geo/query/acc.cgi?acc=GSE132383
GSE115424,Dysfunction of hair follicle mesenchymal progenitors contributes to age related hair loss,include,20,实验设计明确包含毛囊、头皮、毛周期或相关细胞/样本,include,实验设计明确包含毛囊、头皮、毛周期或相关细胞/样本,automated_rule,False,False,hair_follicle; hair_loss,hair_follicle; dermal_papilla; hair_loss,hair_follicle,,,,3,https://www.ncbi.nlm.nih.gov/geo/query/acc.cgi?acc=GSE115424
GSE135146,NFI Transcription Factors Govern Stem Cell Chromatin Accessibility and Guard Against Irreversible Hair Loss,include,4,标题以毛囊、毛发生物学或脱发为主要研究主题,include,标题以毛囊、毛发生物学或脱发为主要研究主题,automated_rule,False,False,hair_loss,,,,,,0,https://www.ncbi.nlm.nih.gov/geo/query/acc.cgi?acc=GSE135146
GSE135143,NFI Transcription Factors Govern Stem Cell Chromatin Accessibility and Guard Against Irreversible Hair Loss [scRNA-seq],include,27,实验设计明确包含毛囊、头皮、毛周期或相关细胞/样本,include,实验设计明确包含毛囊、头皮、毛周期或相关细胞/样本,automated_rule,False,False,hair_loss,hair_follicle; hair_follicle_stem_cell; hair_loss; alopecia,hair_follicle; hair_follicle_stem_cell; hair_cycle_stage,hair_follicle; hair_follicle_stem_cell,,,3,https://www.ncbi.nlm.nih.gov/geo/query/acc.cgi?acc=GSE135143
GSE135142,NFI Transcription Factors Govern Stem Cell Chromatin Accessibility and Guard Against Irreversible Hair Loss [bulk RNA-seq],include,27,实验设计明确包含毛囊、头皮、毛周期或相关细胞/样本,include,实验设计明确包含毛囊、头皮、毛周期或相关细胞/样本,automated_rule,False,False,hair_loss,hair_follicle; hair_follicle_stem_cell; hair_loss; alopecia,hair_follicle; hair_follicle_stem_cell; hair_cycle_stage,hair_follicle; hair_follicle_stem_cell,,,3,https://www.ncbi.nlm.nih.gov/geo/query/acc.cgi?acc=GSE135142
GSE129218,Single-cell RNA-sequencing of full thickness mouse skin during anagen and telogen,include,24,实验设计明确包含毛囊、头皮、毛周期或相关细胞/样本,include,实验设计明确包含毛囊、头皮、毛周期或相关细胞/样本,automated_rule,False,False,hair_cycle_stage,hair_cycle_stage; hair_cycle; hair_growth,hair_cycle_stage,hair_cycle; hair_cycle_stage; hair_growth,,,2,https://www.ncbi.nlm.nih.gov/geo/query/acc.cgi?acc=GSE129218
GSE130976,A stem cell-driven lymphoangiogenic switch,include,13,实验设计明确包含毛囊、头皮、毛周期或相关细胞/样本,include,实验设计明确包含毛囊、头皮、毛周期或相关细胞/样本,automated_rule,False,False,,hair_follicle; hair_follicle_stem_cell; hair_growth,hair_cycle_stage,,,,2,https://www.ncbi.nlm.nih.gov/geo/query/acc.cgi?acc=GSE130976
GSE130850,A stem cell-driven lymphoangiogenic switch (scRNA-seq),include,13,实验设计明确包含毛囊、头皮、毛周期或相关细胞/样本,include,实验设计明确包含毛囊、头皮、毛周期或相关细胞/样本,automated_rule,False,False,,hair_follicle; hair_follicle_stem_cell; hair_growth,hair_cycle_stage,,,,2,https://www.ncbi.nlm.nih.gov/geo/query/acc.cgi?acc=GSE130850
GSE123913,A stem cell-driven lymphoangiogenic switch coordinates tissue regeneration,include,16,实验设计明确包含毛囊、头皮、毛周期或相关细胞/样本,include,实验设计明确包含毛囊、头皮、毛周期或相关细胞/样本,automated_rule,False,False,,hair_follicle; hair_follicle_stem_cell; hair_growth,hair_follicle; hair_follicle_stem_cell; hair_cycle,,,,2,https://www.ncbi.nlm.nih.gov/geo/query/acc.cgi?acc=GSE123913
GSE109256,"Gene expression profiling of adult hair follicle dermal stem cells and progeny, dermal sheath and dermal papilla cells",include,25,实验设计明确包含毛囊、头皮、毛周期或相关细胞/样本,include,实验设计明确包含毛囊、头皮、毛周期或相关细胞/样本,automated_rule,False,False,hair_follicle; dermal_papilla; dermal_sheath,hair_follicle; dermal_papilla; dermal_sheath,hair_follicle,dermal_papilla; dermal_sheath; hair_follicle,,,1,https://www.ncbi.nlm.nih.gov/geo/query/acc.cgi?acc=GSE109256
GSE136996,Dermal sheath contraction powers stem cell niche relocation during hair cycle regression,include,22,实验设计明确包含毛囊、头皮、毛周期或相关细胞/样本,include,实验设计明确包含毛囊、头皮、毛周期或相关细胞/样本,automated_rule,False,False,dermal_sheath; hair_cycle,dermal_sheath; hair_cycle,dermal_papilla; dermal_sheath,,,,2,https://www.ncbi.nlm.nih.gov/geo/query/acc.cgi?acc=GSE136996
GSE124901,Functional stem cell aging dictated by skin tissue microenvironment,include,15,实验设计明确包含毛囊、头皮、毛周期或相关细胞/样本,include,实验设计明确包含毛囊、头皮、毛周期或相关细胞/样本,automated_rule,False,False,,hair_follicle; hair_follicle_stem_cell,hair_follicle; hair_follicle_stem_cell,hair_follicle_stem_cell,comparison_only,,4,https://www.ncbi.nlm.nih.gov/geo/query/acc.cgi?acc=GSE124901
GSE119376,Adverse Events of anti-EGFR Therapy are Triggered by Hair Eruption and Commensal Skin Microbiota,include,11,标题以毛囊、毛发生物学或脱发为主要研究主题,include,标题以毛囊、毛发生物学或脱发为主要研究主题,automated_rule,False,False,hair_eruption,hair_follicle; hair_compartment; hair_eruption,,,,,2,https://www.ncbi.nlm.nih.gov/geo/query/acc.cgi?acc=GSE119376
GSE129611,Defining transcriptional signatures of human hair follicle cell states,include,20,实验设计明确包含毛囊、头皮、毛周期或相关细胞/样本,include,实验设计明确包含毛囊、头皮、毛周期或相关细胞/样本,automated_rule,False,False,hair_follicle,hair_follicle,hair_follicle; scalp,hair_follicle,,,1,https://www.ncbi.nlm.nih.gov/geo/query/acc.cgi?acc=GSE129611
GSE119762,Hair follicle stem cells (HF-SCs) can initiate psoriasis-like disease in mice,include,25,实验设计明确包含毛囊、头皮、毛周期或相关细胞/样本,include,实验设计明确包含毛囊、头皮、毛周期或相关细胞/样本,automated_rule,False,False,hair_follicle; hair_follicle_stem_cell,hair_follicle_stem_cell,hair_follicle; hair_follicle_stem_cell,hair_follicle_stem_cell,,,2,https://www.ncbi.nlm.nih.gov/geo/query/acc.cgi?acc=GSE119762
GSE128436,EGFR and hair shaft differentiation,include,15,标题以毛囊、毛发生物学或脱发为主要研究主题,include,标题以毛囊、毛发生物学或脱发为主要研究主题,automated_rule,False,False,hair_compartment,hair_follicle_stem_cell; root_sheath; hair_compartment,,root_sheath,,,2,https://www.ncbi.nlm.nih.gov/geo/query/acc.cgi?acc=GSE128436
GSE130054,Priming mobilization of hair follicle stem cells triggers permanent loss of regeneration after alkylating chemotherapy,include,30,实验设计明确包含毛囊、头皮、毛周期或相关细胞/样本,include,实验设计明确包含毛囊、头皮、毛周期或相关细胞/样本,automated_rule,False,False,hair_follicle; hair_follicle_stem_cell,hair_follicle; hair_follicle_stem_cell; hair_compartment,hair_follicle; hair_follicle_stem_cell,hair_follicle; hair_follicle_stem_cell,,,4,https://www.ncbi.nlm.nih.gov/geo/query/acc.cgi?acc=GSE130054
GSE117967,Loss of PRC1 activity in different stem cell compartments activates a common transcriptional program with cell-type dependent outcome,include,13,实验设计明确包含毛囊、头皮、毛周期或相关细胞/样本,include,实验设计明确包含毛囊、头皮、毛周期或相关细胞/样本,automated_rule,False,False,,hair_follicle; hair_follicle_stem_cell; hair_growth,hair_follicle_stem_cell,,,,2,https://www.ncbi.nlm.nih.gov/geo/query/acc.cgi?acc=GSE117967
GSE115649,Gene expression profiling of Dermal Papilla (DP) cells isolated from wild type (WT) and DP-specific Smo gain-of-function (Smo*) mutant mice during both telogen (at P20) and anagen (at P28).,include,14,实验设计明确包含毛囊、头皮、毛周期或相关细胞/样本,include,实验设计明确包含毛囊、头皮、毛周期或相关细胞/样本,automated_rule,False,False,dermal_papilla; hair_cycle_stage,hair_cycle_stage,hair_cycle_stage,,,,0,https://www.ncbi.nlm.nih.gov/geo/query/acc.cgi?acc=GSE115649
GSE132129,Low-dose quercetin positively regulates mouse healthspan,exclude,-3,毛发/脱发仅作为药物适应证、不良事件、临床表现或次要结局出现,exclude,毛发/脱发仅作为药物适应证、不良事件、临床表现或次要结局出现,automated_rule,False,False,,hair_loss,,,outcome_only,,0,https://www.ncbi.nlm.nih.gov/geo/query/acc.cgi?acc=GSE132129
GSE108709,Hair growth is induced by blockade of macrophage-derived oncostatin M and JAK-STAT5 signaling in hair follicle stem cells.,include,24,实验设计明确包含毛囊、头皮、毛周期或相关细胞/样本,include,实验设计明确包含毛囊、头皮、毛周期或相关细胞/样本,automated_rule,False,False,hair_follicle; hair_follicle_stem_cell; hair_growth,hair_follicle; hair_follicle_stem_cell; hair_cycle_stage; hair_cycle,hair_cycle_stage,hair_cycle_stage,,,2,https://www.ncbi.nlm.nih.gov/geo/query/acc.cgi?acc=GSE108709
GSE127971,Expression analysis of Lgr5 hair follicle stem cells following skin injury in the presence and absence of regulatory T cells,include,11,标题以毛囊、毛发生物学或脱发为主要研究主题,include,标题以毛囊、毛发生物学或脱发为主要研究主题,automated_rule,False,False,hair_follicle; hair_follicle_stem_cell,hair_follicle; hair_follicle_stem_cell,,,,,1,https://www.ncbi.nlm.nih.gov/geo/query/acc.cgi?acc=GSE127971
GSE111061,"An Open-Label Pilot Study to Evaluate the Efficacy of Tofacitinib in Moderate to Severe Patch Type Alopecia Areata, Totalis and Universalis",include,26,实验设计明确包含毛囊、头皮、毛周期或相关细胞/样本,include,实验设计明确包含毛囊、头皮、毛周期或相关细胞/样本,automated_rule,False,False,alopecia,alopecia; scalp,alopecia; scalp,alopecia; scalp,,,3,https://www.ncbi.nlm.nih.gov/geo/query/acc.cgi?acc=GSE111061
GSE125733,Transcriptomic analysis of frontal fibrosing alopecia,include,11,标题以毛囊、毛发生物学或脱发为主要研究主题,include,标题以毛囊、毛发生物学或脱发为主要研究主题,automated_rule,False,False,alopecia,scalp,,scalp,,,1,https://www.ncbi.nlm.nih.gov/geo/query/acc.cgi?acc=GSE125733
GSE102463,Dynamic networks of lymphatic vessels interconnect nodes of neighboring hair follicles across the skin,include,20,实验设计明确包含毛囊、头皮、毛周期或相关细胞/样本,include,实验设计明确包含毛囊、头皮、毛周期或相关细胞/样本,automated_rule,False,False,hair_follicle,hair_follicle; hair_follicle_stem_cell,hair_cycle_stage,hair_follicle,,,2,https://www.ncbi.nlm.nih.gov/geo/query/acc.cgi?acc=GSE102463
GSE106767,Hair follicle stem cells sense niche integrity and recruit immune cells to contain barrier breaches,include,17,实验设计明确包含毛囊、头皮、毛周期或相关细胞/样本,include,实验设计明确包含毛囊、头皮、毛周期或相关细胞/样本,automated_rule,False,False,hair_follicle; hair_follicle_stem_cell,hair_follicle; hair_follicle_stem_cell,hair_follicle_stem_cell,,,,1,https://www.ncbi.nlm.nih.gov/geo/query/acc.cgi?acc=GSE106767
GSE121112,Reprogramming of dermal papilla cell intact gene signature with 3D culture and Lef-1 overexpression,include,11,实验设计明确包含毛囊、头皮、毛周期或相关细胞/样本,include,实验设计明确包含毛囊、头皮、毛周期或相关细胞/样本,automated_rule,False,False,dermal_papilla,dermal_papilla,dermal_papilla,,,,0,https://www.ncbi.nlm.nih.gov/geo/query/acc.cgi?acc=GSE121112
GSE102086,Single Cell and Open Chromatin Analysis Reveals Molecular Origin of Epidermal Cells of the Skin,review,1,存在毛发相关描述，但缺少足够的研究对象或样本证据,include,早期表皮单细胞数据研究毛囊等皮肤附属器的细胞起源。,manual_boundary_review,True,False,,hair_follicle,,,,,0,https://www.ncbi.nlm.nih.gov/geo/query/acc.cgi?acc=GSE102086
GSE97213,Single Cell and Open Chromatin Analysis Reveals Molecular Origin of Epidermal Cells of the Skin,review,1,存在毛发相关描述，但缺少足够的研究对象或样本证据,include,早期表皮 RNA-seq/ATAC-seq 研究毛囊等皮肤附属器的细胞起源。,manual_boundary_review,True,False,,hair_follicle,,,,,0,https://www.ncbi.nlm.nih.gov/geo/query/acc.cgi?acc=GSE97213
GSE112671,"Single cell RNA-seq analysis in dermis of SM22rtTA; tetO-Cre; R26-Tomato (SM22-Tomato, control) and SM22rtTA; tetO-Cre; R26-SmoM2/Tomato (SM22-SmoM2/Tomato, forced Hh activation in wound dermis) at 3 days after complete reepithelialization",review,1,存在毛发相关描述，但缺少足够的研究对象或样本证据,include,伤口真皮 Hh 激活模型直接研究毛囊新生。,manual_boundary_review,True,False,,hair_follicle,,,,,0,https://www.ncbi.nlm.nih.gov/geo/query/acc.cgi?acc=GSE112671
GSE94893,"RNA-seq analysis in dermis and epidermis of WT (control), LSL-Shh (Shh overexpression in epidermis), and E14.5d skin",review,1,存在毛发相关描述，但缺少足够的研究对象或样本证据,include,Shh 诱导伤口毛囊新生的真皮和表皮 RNA-seq。,manual_boundary_review,True,False,,hair_follicle,,,,,0,https://www.ncbi.nlm.nih.gov/geo/query/acc.cgi?acc=GSE94893
GSE119118,Gene expression profile in mouse back skin after cyclophosphamide treatment,include,13,实验设计明确包含毛囊、头皮、毛周期或相关细胞/样本,include,实验设计明确包含毛囊、头皮、毛周期或相关细胞/样本,automated_rule,False,False,,hair_loss; alopecia,hair_cycle_stage; hair_growth; hair_depletion_model,,,,1,https://www.ncbi.nlm.nih.gov/geo/query/acc.cgi?acc=GSE119118
GSE116815,Generation of trichogenic adipose-derived stem cells by expression of three factors,include,15,标题以毛囊、毛发生物学或脱发为主要研究主题,include,标题以毛囊、毛发生物学或脱发为主要研究主题,automated_rule,False,False,trichogenic,hair_follicle; dermal_papilla; hair_cycle_stage; hair_growth; trichogenic,,hair_growth,,,5,https://www.ncbi.nlm.nih.gov/geo/query/acc.cgi?acc=GSE116815
GSE110459,Identification of transcriptional targets of FGF20.,review,3,存在毛发相关描述，但缺少足够的研究对象或样本证据,include,FGF20 靶基因实验直接研究毛囊 placode 和 dermal condensate 发育。,manual_boundary_review,True,False,,hair_follicle,,,,,1,https://www.ncbi.nlm.nih.gov/geo/query/acc.cgi?acc=GSE110459
GSE93833,"Basal hair follicle stem cell mRNA expression levels of mice at 3, 19 and 24 months of age",include,19,实验设计明确包含毛囊、头皮、毛周期或相关细胞/样本,include,实验设计明确包含毛囊、头皮、毛周期或相关细胞/样本,automated_rule,False,False,hair_follicle; hair_follicle_stem_cell,hair_follicle_stem_cell,hair_follicle; hair_follicle_stem_cell,,,,1,https://www.ncbi.nlm.nih.gov/geo/query/acc.cgi?acc=GSE93833
GSE102291,The microRNA-200 family mediates hair follicle development through coordinated regulation of cell adhesion and polarity,include,10,实验设计明确包含毛囊、头皮、毛周期或相关细胞/样本,include,实验设计明确包含毛囊、头皮、毛周期或相关细胞/样本,automated_rule,False,False,hair_follicle,,hair_compartment,,,,0,https://www.ncbi.nlm.nih.gov/geo/query/acc.cgi?acc=GSE102291
GSE104022,Molecular consequences of Dlx3 deletion by tamoxifen inducible K14 Cre in adult mouse epidermis (P42-P46) as determined by RNASeq analysis,review,1,存在毛发相关描述，但缺少足够的研究对象或样本证据,exclude,当前表皮/真皮 RNA-seq 研究 Dlx3 缺失后的 IL17 炎症起始机制；毛囊分化是背景知识。,evidence_adjudication,True,True,,hair_follicle,,,,,0,https://www.ncbi.nlm.nih.gov/geo/query/acc.cgi?acc=GSE104022
GSE100876,Temporal Layering of Signaling Effectors Drives Chromatin Remodeling during Hair Follicle Stem Cell Lineage Progression,include,7,标题以毛囊、毛发生物学或脱发为主要研究主题,include,标题以毛囊、毛发生物学或脱发为主要研究主题,automated_rule,False,False,hair_follicle; hair_follicle_stem_cell,,,,,,0,https://www.ncbi.nlm.nih.gov/geo/query/acc.cgi?acc=GSE100876
GSE100874,Temporal Layering of Signaling Effectors Drives Chromatin Remodeling during Hair Follicle Stem Cell Lineage Progression [RNA-seq],include,19,实验设计明确包含毛囊、头皮、毛周期或相关细胞/样本,include,实验设计明确包含毛囊、头皮、毛周期或相关细胞/样本,automated_rule,False,False,hair_follicle; hair_follicle_stem_cell,hair_follicle; hair_follicle_stem_cell,hair_depletion_model,,,,2,https://www.ncbi.nlm.nih.gov/geo/query/acc.cgi?acc=GSE100874
GSE101451,"Transcripotome analysis of different locations of hair follicles (bulb, bulge) in androgenetic alopecia",include,27,实验设计明确包含毛囊、头皮、毛周期或相关细胞/样本,include,实验设计明确包含毛囊、头皮、毛周期或相关细胞/样本,automated_rule,False,False,hair_follicle; alopecia; androgenetic_alopecia,hair_follicle; balding,hair_follicle; balding; follicular_unit,balding; hair_follicle,,,1,https://www.ncbi.nlm.nih.gov/geo/query/acc.cgi?acc=GSE101451
GSE85039,A multi-scale model for hair follicle reveals heterogeneous skin domains drive rapid spatiotemporal hair growth patterning,include,7,标题以毛囊、毛发生物学或脱发为主要研究主题,include,标题以毛囊、毛发生物学或脱发为主要研究主题,automated_rule,False,False,hair_follicle; hair_growth,,,,,,0,https://www.ncbi.nlm.nih.gov/geo/query/acc.cgi?acc=GSE85039
GSE86962,Profiling of CD34+ hair follicle stem cells,include,27,实验设计明确包含毛囊、头皮、毛周期或相关细胞/样本,include,实验设计明确包含毛囊、头皮、毛周期或相关细胞/样本,automated_rule,False,False,hair_follicle; hair_follicle_stem_cell,hair_follicle; hair_follicle_stem_cell,hair_follicle; hair_follicle_stem_cell,hair_follicle; hair_follicle_stem_cell,,,1,https://www.ncbi.nlm.nih.gov/geo/query/acc.cgi?acc=GSE86962
GSE76102,Transcriptional profiling of hair follicle stem cells in the presence and absence of Regulatory T-cells,include,30,实验设计明确包含毛囊、头皮、毛周期或相关细胞/样本,include,实验设计明确包含毛囊、头皮、毛周期或相关细胞/样本,automated_rule,False,False,hair_follicle; hair_follicle_stem_cell,hair_follicle; hair_follicle_stem_cell; hair_cycle_stage,hair_follicle_stem_cell; hair_depletion_model,hair_cycle_stage; hair_follicle; hair_follicle_stem_cell,,,3,https://www.ncbi.nlm.nih.gov/geo/query/acc.cgi?acc=GSE76102
GSE80688,Safety and Efficacy of the JAK Inhibitor Tofacitinib Citrate for Alopecia Areata and Variants,include,24,实验设计明确包含毛囊、头皮、毛周期或相关细胞/样本,include,实验设计明确包含毛囊、头皮、毛周期或相关细胞/样本,automated_rule,False,False,alopecia,alopecia; scalp,alopecia; scalp,alopecia; scalp,,,1,https://www.ncbi.nlm.nih.gov/geo/query/acc.cgi?acc=GSE80688
GSE90848,Epithelial-Mesenchymal Micro-Niches Govern Stem Cell Lineage Choices (SC RNA-Seq),include,7,摘要明确说明毛囊/脱发相关组学对象，且未被无关实验设计否定,include,摘要明确说明毛囊/脱发相关组学对象，且未被无关实验设计否定,automated_rule,False,False,,hair_follicle,,hair_follicle,,,1,https://www.ncbi.nlm.nih.gov/geo/query/acc.cgi?acc=GSE90848
GSE90847,Epithelial-Mesenchymal Micro-Niches Govern Stem Cell Lineage Choices (bulk RNA-Seq),include,16,实验设计明确包含毛囊、头皮、毛周期或相关细胞/样本,include,实验设计明确包含毛囊、头皮、毛周期或相关细胞/样本,automated_rule,False,False,,hair_follicle,hair_follicle; hair_follicle_stem_cell; root_sheath; hair_compartment; hair_cycle_stage,hair_follicle,,,1,https://www.ncbi.nlm.nih.gov/geo/query/acc.cgi?acc=GSE90847
GSE89928,Wounds That Never Heal? Stem Cell Lineage Infidelity at the Crossroads of Wound-Repair and Cancer,review,1,存在毛发相关描述，但缺少足够的研究对象或样本证据,include,直接比较表皮与毛囊干细胞在稳态、损伤和肿瘤中的谱系可塑性。,manual_boundary_review,True,False,,hair_follicle,,,,,0,https://www.ncbi.nlm.nih.gov/geo/query/acc.cgi?acc=GSE89928
GSE41287,Digital gene expression profiling of mouse skin gene expression after cyclophosphamide (CYP) treatment,include,6,实验设计明确包含毛囊、头皮、毛周期或相关细胞/样本,include,实验设计明确包含毛囊、头皮、毛周期或相关细胞/样本,automated_rule,False,False,,hair_loss,hair_growth; hair_depletion_model,,outcome_only,,0,https://www.ncbi.nlm.nih.gov/geo/query/acc.cgi?acc=GSE41287
GSE88989,Cell type-specific chromatin states differentially prime squamous cell carcinoma tumor-initiating cells for epithelial to mesenchymal transition [RNA-seq],review,1,存在毛发相关描述，但缺少足够的研究对象或样本证据,include,直接比较毛囊干细胞来源与表皮来源的 SCC 起始细胞。,manual_boundary_review,True,False,,hair_follicle,,,,,0,https://www.ncbi.nlm.nih.gov/geo/query/acc.cgi?acc=GSE88989
GSE74283,Epithelial cell RNA-seq in aged skin,review,4,存在毛发相关描述，但缺少足够的研究对象或样本证据,include,明确比较年轻与衰老皮肤中的毛囊干细胞和表皮细胞。,manual_boundary_review,True,False,,hair_follicle; hair_follicle_stem_cell,,,,,1,https://www.ncbi.nlm.nih.gov/geo/query/acc.cgi?acc=GSE74283
GSE80082,Integrin signaling regulates YAP/TAZ to control skin homeostasis,review,3,存在毛发相关描述，但缺少足够的研究对象或样本证据,exclude,RNA-seq 使用 A431 和 HaCAT 细胞研究 YAP/TAZ；毛发脱落仅为小鼠敲除表型。,manual_boundary_review,True,False,,hair_loss,,,,,1,https://www.ncbi.nlm.nih.gov/geo/query/acc.cgi?acc=GSE80082
GSE78606,total RNA-seq from hair follicle dermal papilla cell (ENCSR000CUB),include,18,标题以毛囊、毛发生物学或脱发为主要研究主题,include,标题以毛囊、毛发生物学或脱发为主要研究主题,automated_rule,False,False,hair_follicle; dermal_papilla,hair_follicle; dermal_papilla,,dermal_papilla; hair_follicle,,,1,https://www.ncbi.nlm.nih.gov/geo/query/acc.cgi?acc=GSE78606
GSE77197,Signaling networks of developing hair follicles,include,15,标题以毛囊、毛发生物学或脱发为主要研究主题,include,标题以毛囊、毛发生物学或脱发为主要研究主题,automated_rule,False,False,hair_follicle,hair_follicle; dermal_papilla; hair_cycle,,hair_follicle,,,2,https://www.ncbi.nlm.nih.gov/geo/query/acc.cgi?acc=GSE77197
GSE77997,"Quantitative Analysis of Notch mutant (Notch1&2-null, Psen1&2-null, RBPjk-null) and wild-type hair follicle transcriptomes by NGS",include,13,实验设计明确包含毛囊、头皮、毛周期或相关细胞/样本,include,实验设计明确包含毛囊、头皮、毛周期或相关细胞/样本,automated_rule,False,False,hair_follicle,hair_follicle,hair_follicle,,,,1,https://www.ncbi.nlm.nih.gov/geo/query/acc.cgi?acc=GSE77997
GSE77256,RNA-seq analysis of hair follicle stem cell transcriptome upon loss of the transcription factor FOXC1,include,22,实验设计明确包含毛囊、头皮、毛周期或相关细胞/样本,include,实验设计明确包含毛囊、头皮、毛周期或相关细胞/样本,automated_rule,False,False,hair_follicle; hair_follicle_stem_cell,hair_follicle; hair_cycle_stage,hair_follicle; hair_follicle_stem_cell,,,,2,https://www.ncbi.nlm.nih.gov/geo/query/acc.cgi?acc=GSE77256
GSE67404,Foxc1 reinforces quiescence in hair follicle stem cells,include,22,实验设计明确包含毛囊、头皮、毛周期或相关细胞/样本,include,实验设计明确包含毛囊、头皮、毛周期或相关细胞/样本,automated_rule,False,False,hair_follicle; hair_follicle_stem_cell,hair_follicle; hair_follicle_stem_cell,hair_follicle_stem_cell; hair_cycle_stage; hair_cycle,,,,2,https://www.ncbi.nlm.nih.gov/geo/query/acc.cgi?acc=GSE67404
GSE77135,Strong Components of Epigenetic Memory in Cultured Human Fibroblasts Related to Site of Origin and Donor Age (Methylation),review,15,存在毛发相关描述，但缺少足够的研究对象或样本证据,exclude,样本虽来自 scalp 成纤维细胞，但问题是取材部位的表观遗传记忆，不涉及毛囊或脱发。,manual_boundary_review,True,False,,scalp,scalp,scalp,,,2,https://www.ncbi.nlm.nih.gov/geo/query/acc.cgi?acc=GSE77135
GSE77131,Strong Components of Epigenetic Memory in Cultured Human Fibroblasts Related to Site of Origin and Donor Age (RNA-Seq),review,15,存在毛发相关描述，但缺少足够的研究对象或样本证据,exclude,样本虽来自 scalp 成纤维细胞，但问题是取材部位的转录记忆，不涉及毛囊或脱发。,manual_boundary_review,True,False,,scalp,scalp,scalp,,,2,https://www.ncbi.nlm.nih.gov/geo/query/acc.cgi?acc=GSE77131
GSE71621,Cell type-specific chromatin states differentially prime squamous cell carcinoma tumor-initiating cells for epithelial to mesenchymal transition,review,1,存在毛发相关描述，但缺少足够的研究对象或样本证据,include,系列研究直接比较毛囊干细胞来源与表皮来源的肿瘤起始细胞。,manual_boundary_review,True,False,,hair_follicle,,,,,0,https://www.ncbi.nlm.nih.gov/geo/query/acc.cgi?acc=GSE71621
GSE68846,RNA sequencing of ILK-deficient hair follicle bulge stem cells,include,20,实验设计明确包含毛囊、头皮、毛周期或相关细胞/样本,include,实验设计明确包含毛囊、头皮、毛周期或相关细胞/样本,automated_rule,False,False,hair_follicle,hair_follicle,hair_follicle; bulge_cells,hair_follicle,,,1,https://www.ncbi.nlm.nih.gov/geo/query/acc.cgi?acc=GSE68846
GSE64091,Transcriptional profiling of cutaneous Mrgprd free nerve endings and C-LTMRs,exclude,-3,组学对象是感觉神经元/触觉亚型，毛囊仅作为神经支配的解剖背景,exclude,RNA-seq 对象为感觉神经元触觉亚型，科学问题是痛觉与愉悦触觉；毛囊仅用于描述 C-LTMR 的支配位置。,evidence_adjudication,False,True,,hair_follicle,,,,sensory_neuron,0,https://www.ncbi.nlm.nih.gov/geo/query/acc.cgi?acc=GSE64091
GSE61506,BMP Signaling and Its pSMAD1/5 Target Genes Differentially Regulate Hair Follicle Stem Cell Lineages,include,7,标题以毛囊、毛发生物学或脱发为主要研究主题,include,标题以毛囊、毛发生物学或脱发为主要研究主题,automated_rule,False,False,hair_follicle; hair_follicle_stem_cell,,,,,,0,https://www.ncbi.nlm.nih.gov/geo/query/acc.cgi?acc=GSE61506
GSE61505,RNA-Seq in hair follicle stem cell lineage,include,17,实验设计明确包含毛囊、头皮、毛周期或相关细胞/样本,include,实验设计明确包含毛囊、头皮、毛周期或相关细胞/样本,automated_rule,False,False,hair_follicle; hair_follicle_stem_cell,hair_follicle; hair_follicle_stem_cell,hair_follicle_stem_cell,,,,1,https://www.ncbi.nlm.nih.gov/geo/query/acc.cgi?acc=GSE61505
GSE54424,SOX9: a Stem Cell Transcriptional Regulator of Secreted Niche Signaling Factors,include,20,实验设计明确包含毛囊、头皮、毛周期或相关细胞/样本,include,实验设计明确包含毛囊、头皮、毛周期或相关细胞/样本,automated_rule,False,False,,hair_follicle; hair_follicle_stem_cell; hair_growth,hair_follicle; hair_follicle_stem_cell; hair_cycle_stage,hair_follicle_stem_cell,,,2,https://www.ncbi.nlm.nih.gov/geo/query/acc.cgi?acc=GSE54424
GSE44806,Whole genome bisulfite-seq of two healthy males.,include,3,实验设计明确包含毛囊、头皮、毛周期或相关细胞/样本,include,实验设计明确包含毛囊、头皮、毛周期或相关细胞/样本,automated_rule,False,False,,hair_follicle,hair_follicle,,,blood_only,0,https://www.ncbi.nlm.nih.gov/geo/query/acc.cgi?acc=GSE44806
GSE48878,In vivo transcriptional goverance of hair follicle stem cells by canonical Wnt regulators,include,27,实验设计明确包含毛囊、头皮、毛周期或相关细胞/样本,include,实验设计明确包含毛囊、头皮、毛周期或相关细胞/样本,automated_rule,False,False,hair_follicle; hair_follicle_stem_cell,hair_follicle; hair_follicle_stem_cell; hair_growth,hair_follicle; hair_follicle_stem_cell; hair_cycle_stage,hair_follicle_stem_cell,,,3,https://www.ncbi.nlm.nih.gov/geo/query/acc.cgi?acc=GSE48878
